id_municipio,unidades_catastrales
1001,3543
1002,12407
1003,2185
1004,311
1006,668
1008,2054
1009,3188
1010,564
1011,1084
1013,2177
1014,1369
1016,2426
1017,3082
1018,3551
1019,517
1020,124
1021,1
1022,2515
1023,98
1027,1222
1028,4881
1030,97
1031,5077
1032,2028
1033,2328
1034,9
1036,19528
1037,2566
1039,804
1041,685
1042,1852
1043,5787
1044,109
1046,2301
1047,2459
1049,756
1051,66
1052,948
1053,2186
1054,2323
1055,4625
1056,949
1057,898
1058,3687
1059,248095
1060,712
1061,38
1062,1422
1063,4007
1901,4617
1902,291
2001,771
2002,91
2003,13358
2004,686
2005,1003
2006,84
2007,2138
2008,1879
2009,18558
2010,1909
2011,1716
2012,1894
2013,682
2014,574
2015,1669
2016,1032
2017,1847
2018,927
2019,2463
2020,71
2021,1062
2022,755
2023,995
2024,3889
2025,9305
2026,836
2027,448
2028,332
2029,5482
2030,4672
2031,781
2032,679
2033,1974
2034,1728
2035,2197
2036,161
2037,2161
2038,411
2039,1277
2040,667
2041,719
2042,1694
2043,1851
2044,1616
2045,3852
2046,1287
2047,42
2048,1619
2049,2165
2050,576
2051,1679
2052,726
2053,3284
2054,569
2055,1918
2056,1804
2057,2623
2058,686
2059,645
2060,1323
2061,951
2062,591
2063,2096
2064,574
2065,646
2066,391
2067,2202
2068,762
2069,12169
2070,828
2071,1179
2072,1991
2073,5025
2074,7405
2075,1828
2076,572
2077,159
2078,99
2079,306
2080,719
2081,1998
2082,389
2083,386
2084,683
2085,512
2086,5443
2901,196
3001,96
3002,3906
3003,685
3004,1113
3005,10154
3006,1314
3007,253
3008,278
3009,55252
3010,475
3011,18639
3012,4811
3013,1396
3014,285387
3015,15135
3016,181
3017,388
3018,27866
3019,13382
3020,169
3021,7372
3022,227
3023,1843
3024,3964
3025,1707
3026,1937
3027,207
3028,954
3029,47
3030,1417
3031,89564
3032,169
3033,187
3034,2948
3035,741
3036,8
3037,631
3038,498
3039,138
3040,345
3041,14425
3042,7014
3043,4218
3044,5007
3045,315
3046,2705
3047,41284
3048,6107
3049,12954
3050,42704
3051,422
3052,1085
3053,10724
3054,696
3055,5777
3056,10068
3057,481
3058,5502
3059,2237
3060,189
3061,1897
3062,559
3063,61752
3064,4649
3065,183419
3066,40857
3067,184
3068,92
3069,9465
3070,5031
3071,5551
3072,533
3073,295
3074,1601
3075,344
3076,3656
3077,3054
3078,1262
3079,20587
3080,2413
3081,3371
3082,38454
3083,8464
3084,748
3085,853
3086,226
3088,741
3089,10423
3090,1822
3091,557
3092,7734
3093,1957
3094,11765
3095,5675
3096,5955
3097,2274
3098,941
3099,104071
3100,935
3101,7521
3102,10036
3103,488
3104,23507
3105,6756
3106,1297
3107,4851
3109,3245
3110,1024
3111,4804
3112,1507
3113,16763
3114,2766
3115,517
3116,1792
3117,635
3118,11731
3119,19697
3120,7616
3121,55468
3122,46003
3123,8166
3124,597
3125,515
3127,834
3128,15905
3129,2928
3130,84
3131,532
3132,1055
3133,164258
3134,219
3135,438
3136,898
3137,641
3138,5817
3139,38921
3140,30117
3901,3436
3902,29469
3903,5034
3904,1787
4001,1334
4002,976
4003,1739
4004,529
4005,784
4006,8632
4007,109
4008,452
4009,233
4010,434
4011,3154
4012,162
4013,159366
4014,19
4015,145
4016,2361
4017,1961
4018,259
4019,51
4020,319
4021,238
4022,809
4023,213
4024,317
4026,173
4027,216
4028,237
4029,10696
4030,1231
4031,2306
4032,7749
4033,224
4034,267
4035,14399
4036,356
4037,1777
4038,286
4041,733
4043,823
4044,1819
4045,202
4046,1812
4047,199
4048,1886
4049,10356
4050,1246
4051,377
4052,9607
4053,14697
4054,511
4055,581
4056,265
4057,1618
4058,349
4059,192
4060,673
4061,767
4062,4558
4063,1315
4064,13979
4065,576
4066,18316
4067,948
4068,289
4069,4938
4070,2224
4071,464
4072,524
4073,831
4074,2962
4075,1109
4076,1372
4077,403
4078,1063
4079,95447
4080,196
4081,443
4082,307
4083,1927
4084,561
4085,597
4086,1667
4087,225
4088,2626
4089,885
4090,39
4091,582
4092,2701
4093,4021
4094,182
4095,705
4096,351
4097,579
4098,1644
4099,5328
4100,28344
4101,465
4102,16623
4103,1634
4901,713
4902,6703
4903,3741
5001,468
5002,6646
5005,251
5007,339
5008,22
5010,682
5012,593
5013,1989
5014,8377
5015,375
5016,8471
5017,229
5018,262
5019,63638
5021,3648
5022,3474
5023,259
5024,1183
5025,462
5026,284
5027,555
5029,181
5030,211
5033,409
5034,59
5035,386
5036,228
5037,1726
5038,672
5039,203
5040,416
5041,2648
5042,197
5043,159
5044,903
5045,156
5046,61
5047,7478
5048,18
5049,687
5051,67
5052,308
5053,627
5054,3367
5055,1409
5056,146
5057,4523
5058,394
5059,338
5060,152
5061,686
5062,293
5063,231
5064,135
5065,608
5066,1026
5067,288
5069,137
5070,57
5072,126
5073,494
5074,971
5075,374
5076,945
5077,208
5078,195
5079,83
5080,344
5081,229
5082,1207
5083,597
5084,541
5085,275
5086,179
5087,256
5088,162
5089,1077
5090,167
5092,308
5093,1977
5094,358
5095,78
5096,434
5097,1587
5099,551
5100,707
5101,1164
5102,3338
5103,322
5104,236
5105,1044
5106,178
5107,43
5108,46
5109,45
5110,1645
5112,91
5113,464
5114,1537
5115,3576
5116,402
5117,283
5118,29
5119,283
5120,183
5121,474
5122,579
5123,376
5124,767
5125,2
5126,356
5127,1775
5128,696
5129,545
5130,394
5131,52
5132,1686
5133,214
5134,97
5135,1339
5136,521
5138,883
5139,202
5140,107
5141,268
5142,211
5143,494
5144,441
5145,408
5147,41
5148,441
5149,223
5151,524
5152,964
5153,839
5154,201
5155,296
5156,936
5157,1229
5158,21
5159,114
5160,1084
5161,2175
5162,62
5163,5778
5164,305
5165,1047
5166,107
5167,1016
5168,7426
5169,972
5170,543
5171,51
5172,398
5173,288
5174,23
5175,365
5176,897
5177,293
5178,516
5179,397
5180,166
5181,313
5182,2386
5183,242
5184,1461
5185,464
5186,3475
5187,4205
5188,29
5189,961
5190,17
5191,576
5192,682
5193,413
5194,318
5195,1091
5196,142
5197,198
5198,211
5199,336
5200,214
5201,1213
5204,214
5205,346
5206,182
5207,1149
5208,124
5209,315
5210,251
5211,1429
5212,1159
5213,502
5214,355
5215,691
5216,8
5217,306
5218,552
5219,183
5220,856
5221,815
5222,872
5224,285
5225,89
5226,661
5227,1646
5228,721
5229,208
5230,198
5231,217
5232,54
5233,1032
5234,113
5235,185
5236,1368
5237,677
5238,2371
5239,868
5240,8042
5241,7345
5242,484
5243,732
5244,421
5245,64
5246,396
5247,1761
5249,774
5251,84
5252,299
5253,227
5254,389
5256,285
5257,481
5258,363
5259,172
5260,611
5261,177
5262,815
5263,622
5264,153
5265,221
5266,516
5267,524
5901,1609
5902,736
5903,871
5904,1686
5905,85
6001,614
6002,385
6003,955
6004,1334
6005,1183
6006,4165
6007,1356
6008,515
6009,312
6010,922
6011,26098
6012,2534
6013,315
6014,651
6015,116544
6016,2623
6017,333
6018,1222
6019,2141
6020,1528
6021,997
6022,2597
6023,414
6024,1376
6025,3437
6026,85
6027,623
6028,4353
6029,1221
6030,274
6031,409
6032,83
6033,2051
6034,367
6035,2104
6036,5729
6037,1389
6038,802
6039,1991
6040,793
6041,378
6042,936
6043,811
6044,3077
6045,546
6046,988
6047,88
6048,1385
6049,1268
6050,3831
6051,2102
6052,3428
6053,65
6054,5435
6055,1874
6056,711
6057,851
6058,1582
6059,2105
6060,4469
6061,1062
6062,902
6063,3964
6064,1114
6065,43
6066,1477
6067,1916
6068,432
6069,2971
6070,6353
6071,235
6072,1774
6073,782
6074,4142
6075,929
6076,907
6077,488
6078,657
6079,486
6080,1734
6081,1396
6082,303
6083,43314
6084,907
6085,3316
6086,1341
6087,261
6088,10943
6089,592
6090,821
6091,4082
6092,662
6093,3761
6094,1551
6095,7495
6096,487
6097,2941
6098,458
6099,882
6100,1789
6101,574
6102,1583
6103,3422
6104,7
6105,1047
6106,473
6107,1577
6108,2038
6109,3502
6110,29
6111,421
6112,658
6113,2711
6114,318
6115,1233
6116,1589
6117,1452
6118,413
6119,565
6120,2758
6121,3037
6122,5544
6123,4579
6124,1706
6125,2629
6126,1892
6127,3544
6128,3246
6129,482
6130,434
6131,922
6132,744
6133,1419
6134,589
6135,936
6136,1605
6137,1562
6138,935
6139,73
6140,624
6141,1808
6142,369
6143,2248
6144,708
6145,887
6146,1467
6147,536
6148,975
6149,8508
6150,893
6151,964
6152,1191
6153,19796
6154,1938
6155,1593
6156,988
6157,886
6158,12302
6159,2747
6160,3234
6161,778
6162,2751
6901,1729
6902,1067
7001,3825
7001
7002,10255
7002
7003,20015
7003
7004,257
7004
7005,15256
7006,7506
7007,764
7008,3993
7009,534
7010,4188
7011,56634
7012,1945
7013,1044
7014,12611
7015,25941
7016,293
7017,975
7018,962
7019,321
7020,298
7021,481
7022,14155
7023,3383
7024,7176
7025,71
7026,42785
7027,2286
7028,896
7029,3121
7030,1757
7031,25599
7032,22488
7033,42348
7034,839
7035,1692
7036,18264
7037,10139
7038,1499
7039,5505
7040,310382
7041,2278
7042,14726
7043,3313
7044,7944
7045,1216
7046,16528
7047,1162
7048,20069
7049,1886
7050,4346
7051,7993
7052,7065
7053,1112
7054,25479
7055,11032
7056,4796
7057,19736
7058,3237
7059,6661
7060,3114
7061,9625
7062,11135
7063,2201
7064,6221
7065,2281
7901,725
7902,1434
8001,7384
8002,1
8003,5431
8004,333
8005,4655
8006,11362
8007,6182
8008,209
8009,6728
8010,3778
8011,1521
8012,1589
8013,1401
8014,2013
8015,135697
8016,2333
8017,2388
8018,2447
8019,110794
8020,4223
8021,92
8022,14881
8023,5975
8024,475
8025,1843
8026,175
8027,571
8028,1794
8029,2942
8030,3849
8031,2872
8032,2382
8033,1022
8034,846
8035,16342
8036,14
8037,1901
8038,1495
8039,375
8040,11405
8041,9097
8042,1808
8043,5222
8044,4096
8045,61
8046,12403
8047,3031
8048,66
8049,1231
8050,136
8051,14829
8052,344
8053,3031
8054,7285
8055,763
8056,42244
8057,43
8058,2811
8059,138
8060,195
8061,2081
8062,1135
8063,491
8064,2131
8065,1241
8066,1276
8067,5483
8068,5948
8069,2537
8070,34
8071,281
8072,9452
8073,57754
8074,18193
8075,3733
8076,14576
8077,28265
8078,135
8079,512
8080,35
8081,299
8082,1369
8083,1258
8084,917
8085,805
8086,14061
8087,182
8088,11288
8089,29709
8090,165
8091,5653
8092,3698
8093,39
8094,1353
8095,166
8096,45439
8097,123
8098,1955
8099,882
8100,1505
8101,156337
8102,31891
8103,678
8104,1018
8105,8645
8106,6609
8107,8126
8108,3716
8109,235
8110,15532
8111,131
8112,13645
8113,60053
8114,16659
8115,2666
8116,465
8117,206
8118,14872
8119,5623
8120,4672
8121,89458
8122,2668
8123,17911
8124,3397
8125,23005
8126,7344
8127,2299
8128,1243
8129,706
8130,1
8131,794
8132,337
8133,199
8134,737
8135,5426
8136,10843
8137,274
8138,515
8139,367
8140,4305
8141,4219
8142,124
8143,2625
8144,77
8145,2865
8146,1513
8147,15706
8148,4366
8149,896
8150,176
8151,43
8152,103
8153,446
8154,557
8155,6535
8156,7917
8157,6981
8158,2638
8159,11628
8160,413
8161,11382
8162,2151
8163,24007
8164,1172
8165,1772
8166,1066
8167,5424
8168,155
8169,35327
8170,425
8171,1848
8172,1744
8174,425
8175,3578
8176,298
8177,16
8178,311
8179,82
8180,24094
8181,7171
8182,3261
8183,4069
8184,49244
8185,12
8187,123998
8188,61
8189,129
8190,486
8191,5834
8192,5265
8193,1106
8194,20713
8195,92
8196,15372
8197,7755
8198,392
8199,582
8200,53619
8201,496
8202,11505
8203,3225
8204,2426
8205,57702
8206,752
8207,1602
8208,5329
8209,4219
8210,4259
8211,30197
8212,567
8213,6448
8214,5489
8215,2757
8216,34
8217,21669
8218,6709
8219,14027
8220,1988
8221,1092
8222,2107
8223,2061
8224,1077
8225,76
8226,789
8227,2698
8228,411
8229,614
8230,5295
8231,2093
8232,1767
8233,1534
8234,3491
8235,6024
8236,1838
8237,1518
8238,11702
8239,753
8240,8829
8241,133
8242,315
8243,71
8244,444
8245,70063
8246,1396
8247,957
8248,4068
8249,169
8250,6046
8251,5134
8252,20979
8253,162
8254,1752
8255,86
8256,519
8257,105
8258,7
8259,5923
8260,16112
8261,3638
8262,6332
8263,15596
8264,4614
8265,1353
8266,37332
8267,6302
8268,1472
8269,3083
8270,28892
8271,77
8272,215
8273,2376
8274,4473
8275,344
8276,186
8277,438
8278,418
8279,150641
8280,248
8281,3544
8282,4743
8283,5443
8284,14
8285,10022
8286,3467
8287,1004
8288,2525
8289,3438
8290,1264
8291,4571
8292,856
8293,321
8294,2373
8295,10031
8296,1661
8297,236
8298,39549
8299,397
8300,393
8301,43304
8302,7988
8303,363
8304,723
8305,32228
8306,476
8307,53145
8308,94
8901,394
8902,3198
8903,314
8904,5702
8905,2008
9001,358
9003,452
9006,464
9007,275
9009,325
9010,16
9011,65
9012,366
9013,147
9014,1194
9016,157
9017,391
9018,3396
9019,491
9020,1194
9021,373
9022,364
9023,1462
9024,432
9025,897
9026,151
9027,182
9029,532
9030,619
9032,732
9033,397
9034,698
9035,1037
9036,225
9037,527
9038,723
9039,388
9041,105
9043,1062
9044,209
9045,1253
9046,246
9047,19
9048,434
9050,204
9051,429
9052,219
9054,239
9055,273
9056,9988
9057,228
9058,925
9059,192475
9060,537
9061,619
9062,206
9063,486
9064,902
9065,367
9066,316
9067,71
9068,223
9070,249
9071,357
9072,859
9073,1482
9074,1761
9075,221
9076,22
9077,183
9078,178
9079,121
9082,159
9083,178
9084,1213
9085,1049
9086,81
9088,221
9090,201
9091,193
9093,429
9094,212
9095,261
9098,1503
9100,203
9101,32
9102,252
9103,725
9104,391
9105,438
9108,1086
9109,3358
9110,568
9112,487
9113,1259
9114,294
9115,432
9117,203
9119,321
9120,82
9122,344
9123,184
9124,335
9125,1534
9127,316
9128,309
9129,288
9130,251
9131,618
9132,435
9133,145
9134,1243
9135,314
9136,761
9137,698
9138,485
9139,313
9140,483
9141,1186
9143,214
9144,233
9148,248
9149,345
9151,1627
9152,693
9154,885
9155,135
9159,148
9160,428
9162,322
9163,1567
9164,599
9166,273
9167,189
9168,651
9169,769
9170,778
9172,299
9173,401
9174,2372
9175,785
9176,211
9177,343
9178,188
9179,294
9180,4
9181,828
9182,245
9183,299
9184,245
9189,624
9190,26
9191,361
9192,28
9194,5197
9195,257
9196,658
9197,478
9198,596
9199,292
9200,477
9201,272
9202,93
9206,336
9208,764
9209,15786
9211,2267
9213,1779
9214,2858
9215,2437
9216,165
9217,1759
9218,1
9219,36163
9220,364
9221,868
9223,296
9224,324
9225,3
9226,316
9227,25
9228,434
9229,469
9230,134
9231,404
9232,581
9235,544
9236,197
9238,3149
9239,157
9241,397
9242,249
9243,332
9244,253
9246,1425
9247,145
9248,332
9249,208
9250,688
9251,697
9253,221
9255,317
9256,1504
9257,173
9258,321
9259,608
9261,1182
9262,526
9265,242
9266,307
9267,523
9268,415
9269,315
9270,457
9272,1718
9273,203
9274,2515
9275,636
9276,784
9277,508
9279,632
9280,211
9281,387
9283,399
9287,327
9288,234
9289,2451
9292,303
9294,384
9295,364
9297,556
9298,484
9301,878
9302,402
9303,259
9304,323
9306,616
9307,229
9308,313
9309,671
9310,112
9311,285
9312,592
9314,662
9315,1051
9316,418
9317,48
9318,435
9321,2689
9323,352
9325,1013
9326,273
9327,299
9328,571
9329,43
9330,3577
9332,238
9334,249
9335,309
9337,503
9338,42
9339,48
9340,277
9343,501
9345,405
9346,41
9347,326
9348,698
9350,1445
9351,255
9352,275
9353,387
9354,207
9355,333
9356,293
9358,856
9360,201
9361,748
9362,1277
9363,2044
9365,139
9366,325
9368,75
9369,1132
9372,31
9373,1591
9374,17
9375,188
9377,814
9378,297
9380,291
9381,269
9382,151
9384,951
9386,348
9387,342
9388,177
9389,373
9390,1134
9391,1271
9392,19
9394,2893
9395,753
9396,414
9398,325
9400,655
9403,448
9405,338
9406,646
9407,218
9408,297
9409,788
9410,9072
9411,801
9412,3675
9413,1848
9414,786
9415,841
9416,269
9417,143
9418,24
9419,418
9421,618
9422,238
9423,148
9424,18
9425,1016
9427,4152
9428,266
9429,227
9430,364
9431,57
9432,762
9433,291
9434,1766
9437,802
9438,655
9439,2216
9440,352
9441,184
9442,1192
9443,675
9444,207
9445,308
9446,118
9447,159
9448,802
9449,189
9450,2
9451,637
9454,195
9455,152
9456,311
9458,691
9460,514
9463,683
9464,276
9466,756
9467,341
9471,411
9472,195
9473,3
9476,392
9478,14
9480,573
9482,139
9483,581
9485,265
9901,145
9902,1305
9903,115
9904,1689
9905,2213
9906,3291
9907,1613
9908,3157
10001,43
10002,73
10003,1117
10004,1063
10005,688
10006,2401
10007,1269
10008,2042
10009,495
10010,2662
10011,1644
10012,844
10013,623
10014,2523
10015,1279
10016,314
10017,238
10018,2176
10019,924
10020,1889
10021,5246
10022,848
10023,973
10024,1063
10025,55
10026,1175
10027,243
10028,485
10029,889
10030,1192
10031,693
10032,2012
10033,1353
10034,84
10035,2074
10036,832
10037,89807
10038,295
10039,523
10040,773
10041,1768
10042,322
10043,979
10044,2397
10045,1709
10046,32
10047,1073
10048,586
10049,3887
10050,1737
10051,1187
10052,355
10053,548
10054,1227
10055,987
10056,1006
10057,353
10058,1469
10059,859
10060,1773
10061,2137
10062,76
10063,36
10064,194
10065,297
10066,377
10067,10912
10068,1112
10069,1807
10070,1739
10071,395
10072,1457
10073,1045
10075,669
10076,89
10077,1244
10078,752
10079,1106
10080,72
10081,402
10082,2614
10083,322
10084,1473
10085,622
10086,518
10087,2239
10088,699
10089,1224
10090,1082
10091,83
10092,817
10093,67
10094,514
10095,443
10096,4528
10097,286
10098,867
10099,654
10100,1043
10101,177
10102,1055
10103,1079
10104,5354
10105,3317
10106,37
10107,1483
10108,972
10109,2521
10110,2958
10111,282
10112,1747
10113,2921
10114,907
10115,3802
10116,3944
10117,37
10118,626
10119,1235
10120,533
10121,7572
10122,387
10123,1173
10124,1385
10125,1053
10126,2122
10127,5108
10128,6268
10129,395
10130,1883
10131,15589
10132,73
10133,1483
10134,1042
10135,3444
10136,649
10137,672
10138,99
10139,264
10140,1788
10141,858
10142,1006
10143,461
10144,1127
10145,511
10146,2415
10147,2079
10148,34833
10149,709
10150,767
10151,411
10152,809
10153,677
10154,256
10155,1037
10156,248
10157,431
10158,938
10159,6
10160,364
10161,317
10162,955
10163,86
10164,798
10165,502
10166,605
10167,655
10168,47
10169,957
10170,593
10171,871
10172,1155
10173,644
10174,301
10175,2572
10176,651
10177,1652
10178,1259
10179,754
10180,5779
10181,819
10182,205
10183,161
10184,1287
10185,785
10186,1604
10187,82
10188,845
10189,3133
10190,902
10191,649
10192,1414
10193,1379
10194,936
10195,8313
10196,575
10197,328
10198,1521
10199,427
10200,1087
10201,44
10202,983
10203,6129
10204,993
10205,2607
10206,541
10207,886
10208,292
10209,635
10210,854
10211,117
10212,3174
10213,1394
10214,655
10215,631
10216,2144
10217,1083
10218,1596
10219,1977
10901,928
10902,515
10903,637
11001,4423
11002,2583
11003,945
11004,75037
11005,3435
11006,1921
11007,1472
11008,12741
11009,893
11010,4176
11011,1691
11012,74199
11013,1177
11014,16537
11015,61038
11016,24709
11017,2252
11018,1131
11019,1896
11020,12123
11021,5352
11022,39631
11023,7359
11024,5206
11025,3137
11026,3845
11027,61079
11028,232
11029,3932
11030,39711
11031,55387
11032,4575
11033,24616
11034,1753
11035,13526
11036,525
11037,4162
11038,11014
11039,9671
11040,404
11041,7055
11042,901
11901,4495
11902,2707
12001,2001
12002,296
12003,174
12004,19639
12005,11227
12006,541
12007,652
12008,671
12009,25441
12010,585
12011,8737
12012,4048
12013,459
12014,467
12015,312
12016,1981
12017,451
12018,485
12020,443
12021,4728
12022,1097
12024,319
12025,384
12026,1738
12027,28699
12028,29311
12029,1271
12031,5812
12032,31627
12033,6117
12034,2073
12036,908
12037,94
12038,442
12039,1019
12040,14882
12041,453
12042,1066
12043,1559
12044,803
12045,775
12046,1317
12048,1054
12049,754
12050,1964
12051,853
12052,1154
12053,5982
12055,312
12056,584
12057,1591
12058,266
12059,529
12060,731
12061,77
12063,319
12064,272
12065,849
12067,871
12068,171
12069,182
12070,774
12071,2477
12072,1573
12073,497
12074,82
12075,24
12076,509
12077,20466
12078,1041
12079,1727
12080,2887
12081,1837
12082,1343
12083,174
12084,23642
12085,42021
12087,117
12088,272
12089,28598
12090,384
12091,308
12092,982
12093,71
12094,1054
12095,1172
12096,1134
12097,281
12098,817
12099,377
12100,195
12101,652
12102,1107
12103,259
12104,10568
12105,1585
12106,2144
12107,678
12108,784
12109,1022
12110,906
12111,779
12112,268
12113,321
12114,1013
12115,1161
12116,179
12117,7995
12118,224
12119,324
12120,472
12121,1084
12122,1271
12123,118
12124,2877
12125,637
12126,2187
12127,324
12128,3044
12129,2829
12130,911
12131,353
12132,901
12133,279
12134,242
12135,45775
12136,2248
12137,246
12138,32901
12139,1103
12140,2311
12141,355
12142,612
12901,3592
12902,3491
13001,1451
13002,2401
13003,791
13004,1312
13005,21478
13006,824
13007,1353
13008,889
13009,189
13010,1319
13011,436
13012,632
13013,627
13014,631
13015,6233
13016,856
13017,768
13018,945
13019,5131
13020,5486
13021,663
13022,535
13023,706
13024,1324
13025,331
13026,745
13027,434
13028,8963
13029,128
13030,19
13031,2652
13032,1598
13033,2246
13034,68789
13035,1108
13036,1327
13037,1182
13038,1916
13039,15411
13040,1321
13041,575
13042,1595
13043,373
13044,3224
13045,1002
13046,998
13047,6734
13048,1103
13049,1321
13050,617
13051,512
13052,8161
13053,17017
13054,4116
13055,1507
13056,11126
13057,1861
13058,4971
13059,474
13060,573
13061,6437
13062,636
13063,3618
13064,1998
13065,3597
13066,3189
13067,458
13068,1235
13069,924
13070,881
13071,37184
13072,955
13073,63
13074,963
13075,54
13076,533
13077,3407
13078,10288
13079,10145
13080,758
13081,973
13082,27694
13083,2911
13084,1592
13085,2474
13086,531
13087,27706
13088,787
13089,2531
13090,1413
13091,769
13092,2529
13093,4817
13094,551
13095,112
13096,7025
13097,1999
13098,2591
13901,1213
13902,129
13903,714
13904,315
14001,3215
14002,10793
14003,1328
14004,1901
14005,3797
14006,1474
14007,14933
14008,3026
14009,2366
14010,4269
14011,614
14012,4929
14013,16074
14014,21
14015,195
14016,1791
14017,10437
14018,2987
14019,4696
14020,502
14021,23121
14022,3387
14023,1868
14024,1676
14025,218
14026,1732
14027,769
14028,299
14029,4689
14030,6994
14031,631
14032,324
14033,1079
14034,422
14035,5979
14036,326
14037,4168
14038,3552
14039,2898
14040,3124
14041,25
14042,18806
14043,8238
14044,1342
14045,2159
14046,363
14047,1223
14048,1001
14049,13859
14050,1979
14051,1153
14052,7531
14053,4855
14054,15779
14055,187
14056,22603
14057,5787
14058,8894
14059,697
14060,3502
14061,1068
14062,1294
14063,1085
14064,468
14065,1623
14066,4463
14067,3444
14068,587
14069,6616
14070,1405
14071,999
14072,1213
14073,3719
14074,2239
14075,639
15001,3569
15002,30795
15003,2089
15004,6953
15005,23936
15006,5309
15007,5619
15008,6114
15009,10691
15010,1481
15011,25538
15012,2963
15013,10124
15014,5139
15015,369
15016,6014
15017,15918
15018,1572
15019,28242
15020,10738
15021,4927
15022,7977
15023,13425
15024,436
15025,2019
15026,317
15027,222
15028,1956
15029,5952
15030,16364
15031,21455
15032,4131
15033,1948
15034,2057
15035,11063
15036,53636
15037,5577
15038,1326
15039,1078
15040,3668
15041,12627
15042,6659
15043,10989
15044,1924
15045,225
15046,8604
15047,1557
15048,10672
15049,1619
15050,1392
15051,6039
15052,3914
15053,8759
15054,28003
15055,4125
15056,8962
15057,13087
15058,25985
15059,9692
15060,6173
15061,8441
15062,4871
15063,3629
15064,1822
15065,9441
15066,452
15067,10125
15068,6972
15069,8272
15070,9416
15071,10459
15072,9758
15073,2927
15074,6513
15075,1503
15076,2571
15077,14342
15078,86121
15079,1236
15080,1498
15081,1691
15082,10496
15083,162
15084,1798
15085,2336
15086,2486
15087,5803
15088,2984
15089,3414
15090,2019
15091,2062
15092,4636
15093,3701
15901,6183
16001,357
16002,297
16003,419
16004,545
16005,69
16006,429
16007,1534
16008,658
16009,402
16010,413
16011,268
16012,285
16013,104
16014,1233
16015,756
16016,467
16017,6
16018,545
16019,945
16020,145
16022,437
16023,1227
16024,428
16025,218
16026,285
16027,2325
16029,319
16030,125
16031,311
16032,594
16033,2241
16034,463
16035,792
16036,475
16038,26
16039,1005
16040,262
16041,919
16042,1947
16043,375
16044,255
16045,878
16046,48
16047,389
16048,925
16049,323
16050,723
16051,492
16052,937
16053,866
16055,1541
16056,1081
16057,305
16058,231
16060,123
16061,119
16062,252
16063,197
16064,1103
16065,526
16066,3193
16067,603
16068,273
16070,215
16071,122
16072,476
16073,617
16074,212
16078,49158
16079,132
16081,119
16082,1281
16083,263
16084,278
16085,669
16086,1516
16087,432
16088,395
16089,455
16091,365
16092,251
16093,405
16094,711
16095,258
16096,378
16097,576
16098,796
16099,442
16100,1105
16101,386
16102,1449
16103,545
16104,263
16106,3501
16107,334
16108,225
16109,206
16110,341
16111,482
16112,4011
16113,3392
16115,237
16116,299
16117,2003
16118,1738
16119,533
16121,546
16122,488
16123,372
16124,1844
16125,218
16126,1343
16128,114
16129,325
16130,1207
16131,248
16132,148
16133,5014
16134,4783
16135,89
16137,316
16139,897
16140,28
16141,552
16142,246
16143,217
16145,7
16146,325
16147,217
16148,1052
16149,361
16150,355
16151,79
16152,23
16153,1171
16154,5501
16155,557
16156,621
16157,456
16158,876
16159,489
16160,461
16161,175
16162,396
16163,233
16165,298
16166,38
16167,667
16169,223
16170,1611
16171,2406
16172,687
16173,1424
16174,363
16175,5771
16176,128
16177,393
16181,247
16185,279
16186,907
16187,365
16188,311
16189,601
16190,5684
16191,1465
16192,229
16193,417
16194,1346
16195,995
16196,943
16197,256
16198,1784
16199,108
16202,1934
16203,13378
16204,592
16205,362
16206,754
16209,524
16211,2108
16212,507
16213,136
16215,467
16216,571
16217,297
16218,547
16219,329
16224,577
16225,222
16227,611
16228,627
16231,173
16234,285
16236,1843
16237,19
16238,836
16239,44
16240,533
16242,94
16243,668
16244,873
16245,885
16246,1205
16247,265
16248,1017
16249,2782
16250,421
16251,191
16253,1549
16254,595
16255,344
16258,832
16259,237
16263,176
16264,893
16265,127
16266,769
16269,117
16270,409
16271,907
16272,1748
16273,549
16274,556
16275,11
16276,1
16277,638
16278,28
16279,623
16280,919
16901,2257
16902,376
16903,1397
16904,1657
16905,2282
16906,446
16908,562
16909,2162
16910,48
17001,725
17002,559
17003,177
17004,747
17005,403
17006,5116
17007,1878
17008,406
17009,4861
17010,44
17011,976
17012,749
17013,8505
17014,155
17015,14746
17016,849
17018,728
17019,1806
17020,4003
17021,13
17022,7633
17023,37834
17024,1013
17025,1117
17026,45
17027,2811
17028,261
17029,27
17030,528
17031,175
17032,4705
17033,5344
17034,21634
17035,419
17036,2726
17037,295
17038,271
17039,3937
17040,382
17041,337
17042,494
17043,543
17044,6735
17046,732
17047,20223
17048,24986
17049,3476
17050,559
17051,23
17052,118
17054,1344
17055,243
17056,1545
17057,849
17058,189
17060,505
17061,606
17062,20375
17063,273
17064,391
17065,292
17066,30984
17067,781
17068,325
17069,1526
17070,156
17071,748
17073,1745
17074,512
17075,309
17076,167
17077,807
17078,866
17079,77812
17080,313
17081,614
17082,1173
17083,3134
17084,552
17085,301
17086,2411
17087,312
17088,556
17089,6438
17090,362
17091,1096
17092,12043
17093,897
17094,297
17095,42999
17096,171
17097,222
17098,63
17099,159
17100,161
17101,914
17102,1011
17103,6486
17105,202
17106,17
17107,581
17109,663
17110,1
17111,1136
17112,245
17114,25284
17115,281
17116,421
17117,25735
17118,2088
17119,108
17120,1264
17121,31
17123,284
17124,528
17125,233
17126,325
17128,426
17129,134
17130,29
17132,1443
17133,1152
17134,868
17135,343
17136,194
17137,2799
17138,1436
17139,1187
17140,3306
17141,8994
17142,2127
17143,197
17144,186
17145,23
17146,3484
17147,8526
17148,2477
17149,364
17150,1822
17151,162
17152,34548
17153,218
17154,8
17155,17665
17157,82
17158,382
17159,1021
17160,24251
17161,1111
17162,153
17163,1873
17164,4381
17165,723
17166,656
17167,2503
17168,31
17169,2281
17170,171
17171,378
17172,572
17173,121
17174,136
17175,45
17176,165
17177,772
17178,2156
17180,8843
17181,5947
17182,241
17183,281
17184,1047
17185,2371
17186,3501
17187,681
17188,34
17189,1376
17190,714
17191,231
17192,594
17193,443
17194,119
17195,414
17196,209
17197,204
17198,595
17199,15495
17200,502
17201,374
17202,1066
17203,122
17204,592
17205,218
17206,421
17207,2158
17208,855
17209,499
17210,741
17211,762
17212,176
17213,6218
17214,548
17215,147
17216,127
17217,413
17218,505
17220,1492
17221,2674
17222,171
17223,718
17224,1046
17225,276
17226,103
17227,216
17228,272
17230,469
17232,272
17233,1875
17234,23
17901,705
17902,1467
17903,948
18001,289
18002,644
18003,14556
18004,631
18005,559
18006,5084
18007,1088
18010,1094
18011,4064
18012,1709
18013,4943
18014,766
18015,436
18016,505
18017,44521
18018,953
18020,1589
18021,17953
18022,16472
18023,15955
18024,1029
18025,326
18027,2262
18028,876
18029,2993
18030,896
18032,684
18033,311
18034,696
18035,1568
18036,3257
18037,604
18038,989
18039,2959
18040,34
18042,665
18043,278
18044,403
18045,1808
18046,1719
18047,7343
18048,2704
18049,739
18050,1503
18051,1014
18053,2289
18054,88
18056,4086
18057,4405
18059,384
18061,1225
18062,11356
18063,1069
18064,448
18066,1605
18067,1022
18068,1545
18069,643
18070,414
18071,5016
18072,1015
18074,398
18076,582
18078,1081
18079,3402
18082,1616
18083,324
18084,3645
18085,1148
18086,516
18087,21952
18088,1399
18089,15587
18093,6127
18094,2425
18095,1641
18096,442
18097,1534
18098,7385
18099,1711
18100,8284
18101,7007
18102,8509
18103,919
18105,5108
18107,946
18108,1414
18109,837
18111,2189
18112,223
18114,923
18115,2909
18116,321
18117,755
18119,2031
18120,569
18121,246
18122,17998
18123,364
18124,1025
18126,1282
18127,15585
18128,357
18132,3717
18133,1882
18134,13772
18135,3173
18136,1647
18137,982
18138,2065
18140,5603
18141,855
18143,1011
18144,1153
18145,9691
18146,1677
18147,3939
18148,981
18149,5497
18150,7316
18151,455
18152,1163
18153,8211
18154,1184
18157,1161
18158,869
18159,923
18161,234
18162,2421
18163,313
18164,2499
18165,3425
18167,1563
18168,985
18170,788
18171,2057
18173,18521
18174,484
18175,1176
18176,242
18177,1129
18178,829
18179,673
18180,688
18181,287
18182,2275
18183,991
18184,314
18185,649
18187,714
18188,1319
18189,797
18192,1564
18193,15391
18194,2636
18901,925
18902,1109
18903,1449
18904,1154
18905,17157
18906,1338
18907,2061
18908,866
18909,91
18910,995
18911,5767
18912,2176
18913,652
19001,288
19002,44
19003,152
19004,333
19005,489
19006,6848
19007,624
19008,298
19009,695
19010,146
19011,955
19013,787
19015,614
19016,157
19017,292
19018,676
19019,8
19020,205
19021,1428
19022,1042
19023,374
19024,8087
19027,816
19031,227
19032,9
19033,396
19034,244
19036,659
19037,521
19038,237
19039,382
19040,311
19041,465
19042,211
19043,747
19044,1092
19045,888
19046,20932
19047,456
19048,124
19049,181
19050,129
19051,43
19052,288
19053,6042
19054,1013
19055,255
19057,396
19058,7427
19059,321
19060,1298
19061,474
19064,294
19065,84
19066,559
19067,873
19070,467
19071,10654
19073,197
19074,503
19075,349
19076,141
19078,167
19079,105
19080,556
19081,416
19082,348
19086,464
19087,199
19088,383
19089,178
19090,391
19091,228
19092,2159
19095,141
19096,761
19097,386
19098,211
19099,2337
19102,399
19103,887
19104,112
19105,361
19106,784
19107,625
19108,273
19109,15
19110,354
19111,498
19112,524
19113,1271
19114,297
19115,413
19116,15
19117,1691
19118,178
19119,295
19120,431
19121,599
19122,344
19123,263
19124,1095
19125,244
19126,1724
19127,371
19129,336
19130,69564
19132,322
19133,362
19134,238
19135,57
19136,276
19138,1125
19139,303
19142,2009
19143,3811
19145,315
19146,314
19147,293
19148,292
19150,392
19151,2318
19152,234
19153,63
19154,571
19155,289
19156,2465
19157,192
19159,626
19160,176
19161,549
19162,301
19163,278
19165,273
19166,461
19167,419
19168,876
19169,37
19170,1397
19171,5592
19172,325
19173,64
19174,3
19175,285
19176,98
19177,559
19178,215
19179,691
19181,33
19182,131
19183,475
19184,311
19185,385
19186,318
19187,332
19188,399
19189,256
19190,5226
19191,113
19192,2789
19193,117
19194,772
19195,245
19196,305
19197,181
19198,176
19199,181
19200,364
19201,175
19202,86
19203,432
19204,68
19208,853
19209,125
19210,316
19211,2977
19212,1783
19213,245
19214,301
19215,64
19216,496
19217,182
19218,294
19219,17
19220,3775
19221,256
19222,437
19223,312
19224,231
19225,1234
19226,29
19227,67
19228,247
19229,387
19230,1651
19231,123
19232,358
19233,528
19234,186
19235,748
19237,354
19238,44
19239,555
19240,299
19241,239
19242,386
19243,339
19244,516
19245,3307
19246,291
19247,453
19248,415
19249,148
19250,201
19251,293
19252,324
19254,216
19255,618
19256,303
19257,9081
19258,26
19259,178
19260,263
19261,28
19262,1181
19263,171
19264,205
19265,861
19266,811
19267,265
19268,138
19269,954
19270,16
19271,279
19272,632
19274,1868
19277,211
19278,184
19279,192
19280,4294
19281,161
19282,1601
19283,38
19284,143
19285,163
19286,1597
19287,381
19288,217
19289,223
19290,2537
19291,2681
19293,3684
19294,17
19296,231
19297,74
19298,354
19299,451
19300,1545
19301,294
19302,17
19303,244
19304,63
19305,1034
19306,228
19307,21
19308,33
19309,226
19310,93
19311,564
19314,262
19317,542
19318,128
19319,3573
19321,259
19322,3
19323,139
19324,488
19325,286
19326,513
19327,103
19329,199
19330,305
19331,3881
19332,364
19333,806
19334,343
19335,119
19901,253
20001,521
20002,962
20003,1214
20004,784
20005,2206
20006,666
20007,767
20008,1367
20009,15999
20010,1865
20011,3134
20012,403
20013,8666
20014,248
20015,2964
20016,3341
20017,14081
20018,18208
20019,15573
20020,404
20021,542
20022,1797
20023,742
20024,993
20025,2544
20026,609
20027,5596
20028,3229
20029,7928
20030,30436
20031,504
20032,14804
20033,2312
20034,5628
20035,1292
20036,2126
20037,281
20038,969
20039,3557
20040,21834
20041,448
20042,4465
20043,3787
20044,784
20045,64939
20046,2491
20047,1083
20048,492
20049,5603
20050,588
20051,10002
20052,2115
20053,6773
20054,1062
20055,27277
20056,6463
20057,464
20058,1576
20059,16955
20060,213
20061,7044
20062,1751
20063,14273
20064,13798
20065,4721
20066,1284
20067,344
20068,385
20069,20198
20070,2324
20071,21372
20072,7735
20073,8364
20074,18826
20075,6282
20076,10291
20077,8107
20078,2462
20079,29354
20080,11339
20081,11586
20901,3086
20902,17764
20903,7414
20904,204
20905,379
20906,326
20907,258
21001,704
21002,10245
21003,92
21004,2406
21005,30265
21006,3375
21007,7052
21008,2051
21009,976
21010,25011
21011,3365
21012,597
21013,9056
21014,3683
21015,521
21016,996
21017,4119
21018,1661
21019,711
21020,431
21021,18392
21022,306
21023,1954
21024,623
21025,3661
21026,489
21027,122
21028,553
21029,1575
21030,1398
21031,1561
21032,1431
21033,741
21034,1258
21035,7911
21036,184
21037,399
21038,1329
21039,393
21040,2744
21041,109
21042,27107
21043,185
21044,30238
21045,374
21046,1285
21047,1525
21048,535
21049,3063
21050,13226
21051,302
21052,4116
21053,2644
21054,6898
21055,6331
21056,2469
21057,839
21058,2051
21059,202
21060,24985
21061,4058
21062,1233
21063,2452
21064,5268
21065,456
21066,506
21067,654
21068,83
21069,1656
21070,5578
21071,408
21072,8425
21073,1787
21074,2171
21075,311
21076,2433
21077,1395
21078,2552
21079,744
22001,412
22002,119
22003,2
22004,457
22006,3298
22007,787
22008,286
22009,802
22011,115
22012,149
22013,203
22014,342
22015,488
22016,937
22017,1249
22018,46
22019,179
22020,155
22021,2324
22022,7
22023,43
22024,453
22025,112
22027,55
22028,808
22029,129
22032,331
22035,698
22036,138
22037,325
22039,1554
22040,444
22041,174
22042,197
22043,202
22044,457
22045,26
22046,1013
22047,2
22048,14992
22049,179
22050,141
22051,234
22052,909
22053,17
22054,5278
22055,347
22057,958
22058,394
22059,6123
22060,1297
22061,7431
22062,277
22063,329
22064,234
22066,1717
22067,117
22068,169
22069,1368
22072,563
22074,1151
22075,328
22076,68
22077,444
22078,2325
22079,252
22080,41
22081,641
22082,395
22083,589
22084,13
22085,183
22086,1346
22087,81
22088,229
22089,452
22090,229
22094,136
22095,142
22096,198
22099,668
22102,227
22103,83
22105,439
22106,151
22107,24
22109,736
22110,1055
22111,28
22112,12086
22113,707
22114,152
22115,1037
22116,1575
22117,4252
22119,1477
22122,241
22124,549
22125,53081
22126,15
22127,382
22128,286
22129,677
22130,28567
22131,355
22133,243
22135,28
22136,955
22137,1255
22139,116
22141,282
22142,22
22143,58
22144,435
22149,915
22150,897
22151,226
22155,79
22156,422
22157,472
22158,14276
22160,31
22162,143
22163,614
22164,89
22165,626
22167,441
22168,79
22170,3634
22172,553
22173,897
22174,745
22175,659
22176,187
22177,4
22178,278
22181,97
22182,478
22184,211
22186,31
22187,985
22188,314
22189,333
22190,249
22193,288
22195,223
22197,761
22199,15049
22200,869
22201,306
22202,24
22203,148
22204,7109
22205,957
22206,309
22207,201
22208,339
22209,32
22212,118
22213,4632
22214,182
22215,388
22217,672
22218,104
22220,246
22221,45
22222,949
22223,257
22225,2869
22226,1012
22227,347
22228,47
22229,294
22230,55
22232,239
22233,96
22234,767
22235,158
22236,284
22239,108
22242,104
22243,42
22244,132
22245,462
22246,156
22247,83
22248,165
22249,336
22250,3517
22251,424
22252,231
22253,194
22254,1363
22901,1383
22902,549
22903,718
22904,1512
22905,772
22906,243
22907,2593
22908,341
22909,209
23001,1222
23002,20169
23003,9195
23004,63
23005,2737
23006,5101
23007,3276
23008,1352
23009,1423
23010,12901
23011,2003
23012,4486
23014,2674
23015,135
23016,795
23017,1708
23018,2426
23019,1576
23020,1471
23021,489
23024,10964
23025,2545
23026,4443
23027,668
23028,7983
23029,1694
23030,1237
23031,718
23032,509
23033,1464
23034,2535
23035,1133
23037,815
23038,3126
23039,1819
23040,132
23041,64
23042,506
23043,59
23044,4859
23045,1904
23046,1884
23047,1741
23048,1069
23049,1648
23050,1029
23051,3129
23052,1335
23053,7542
23054,439
23055,43018
23056,2928
23057,883
23058,9323
23059,5267
23060,20328
23061,732
23062,1569
23063,3254
23064,159
23065,2011
23066,4933
23067,2416
23069,5264
23070,404
23071,2314
23072,258
23073,5014
23074,2547
23075,364
23076,923
23077,774
23079,3574
23080,213
23081,2574
23082,2056
23084,1128
23085,1772
23086,12254
23087,11407
23088,5638
23090,2065
23091,956
23092,28944
23093,2601
23094,3673
23095,9502
23096,296
23097,6764
23098,964
23099,5435
23101,631
23901,132
23902,2972
23903,3525
23904,4614
23905,205
24001,84
24002,388
24003,1407
24004,1571
24005,903
24006,1664
24007,2213
24008,1148
24009,747
24010,11983
24011,443
24012,953
24014,1111
24015,3652
24016,2095
24017,902
24018,415
24019,1537
24020,2561
24021,4012
24022,1845
24023,15
24024,1433
24025,1087
24026,2161
24027,2097
24028,646
24029,1152
24030,6232
24031,629
24032,266
24033,487
24034,459
24036,1287
24037,91
24038,5696
24039,3357
24040,1464
24041,2878
24042,159
24043,1883
24044,469
24046,2578
24047,344
24049,427
24050,274
24051,942
24052,722
24053,766
24054,678
24055,1788
24056,492
24057,2809
24058,46
24059,1911
24060,1791
24061,3319
24062,344
24063,1114
24064,337
24065,5233
24066,1202
24067,3209
24068,2173
24069,142
24070,5898
24071,2539
24073,759
24074,281
24076,2731
24077,659
24078,649
24079,2699
24080,514
24081,451
24082,1303
24083,3786
24084,539
24086,707
24087,697
24088,1669
24089,12935
24090,2131
24091,1702
24092,1527
24093,1479
24094,222
24095,67
24096,462
24097,482
24098,2901
24099,636
24100,1479
24101,1547
24102,3015
24103,1568
24104,808
24105,2111
24106,1427
24107,808
24108,801
24109,2281
24110,4092
24112,1531
24113,596
24114,5773
24115,76801
24116,1571
24117,811
24118,561
24119,1178
24120,1522
24121,3382
24122,27
24123,2901
24124,606
24125,1431
24127,473
24129,295
24130,1058
24131,1474
24132,1963
24133,976
24134,5215
24136,956
24137,2534
24139,4003
24141,335
24142,28077
24143,1
24144,1123
24145,14
24146,541
24148,2462
24149,264
24150,525
24151,1404
24152,2914
24153,608
24154,1503
24155,689
24156,672
24157,3417
24158,1131
24159,2545
24160,18
24161,1075
24162,3362
24163,5524
24164,1131
24165,1219
24166,1964
24167,1694
24168,544
24169,594
24170,4119
24171,767
24172,4847
24173,1812
24174,806
24175,3633
24176,428
24177,763
24178,129
24179,1236
24180,2116
24181,2272
24182,1298
24183,3753
24184,753
24185,1039
24187,2221
24188,7084
24189,7662
24190,404
24191,372
24193,974
24194,781
24196,6233
24197,1695
24198,134
24199,1195
24201,2687
24202,9614
24203,314
24205,2106
24206,4917
24207,494
24209,5157
24210,3006
24211,554
24212,2002
24213,331
24214,1857
24215,434
24216,1596
24217,369
24218,1052
24219,1069
24221,1226
24222,17843
24223,4331
24224,1038
24225,2019
24226,62
24227,32
24228,1285
24229,1463
24230,912
24901,2592
24902,584
25001,194
25002,1065
25003,4448
25004,705
25005,549
25006,579
25007,1461
25008,1257
25009,1105
25010,331
25011,7932
25012,2631
25013,234
25014,656
25015,444
25016,2604
25017,589
25019,4893
25020,889
25021,3064
25022,231
25023,3753
25024,1396
25025,10721
25027,1037
25029,2672
25030,346
25031,133
25032,17
25033,857
25034,3732
25035,433
25036,317
25037,637
25038,189
25039,816
25040,12394
25041,533
25042,177
25043,3546
25044,312
25045,187
25046,626
25047,1067
25048,1692
25049,189
25050,3936
25051,3711
25052,1715
25053,854
25055,209
25056,762
25057,592
25058,4624
25059,1114
25060,99
25061,195
25062,1185
25063,15
25064,76
25067,1154
25068,563
25069,544
25070,1048
25071,151
25072,7073
25073,1007
25074,396
25075,71
25076,384
25077,805
25078,1115
25079,482
25081,764
25082,806
25085,168
25086,1955
25087,12
25088,156
25089,182
25092,251
25093,659
25094,25
25096,949
25097,246
25098,576
25099,1588
25100,463
25101,1568
25102,863
25103,215
25104,175
25105,447
25109,758
25110,347
25111,133
25112,301
25113,1008
25114,11
25115,1874
25118,66
25119,2905
25120,10932
25121,828
25122,227
25123,386
25124,15
25125,1118
25126,639
25127,547
25128,259
25129,67
25130,499
25131,605
25132,177
25133,888
25134,748
25135,1007
25136,53
25137,11742
25138,442
25139,1036
25140,1962
25141,297
25142,425
25143,204
25145,22
25146,272
25148,114
25149,1717
25150,194
25151,78
25152,269
25153,338
25154,308
25155,1084
25156,1143
25157,305
25158,1565
25161,1004
25163,1491
25164,556
25165,523
25166,142
25167,171
25168,548
25169,838
25170,377
25171,3488
25172,2081
25173,3197
25174,583
25175,746
25176,363
25177,401
25179,428
25180,363
25181,243
25182,114
25183,1265
25185,1169
25186,137
25189,2649
25190,84
25191,543
25192,1169
25193,1647
25194,456
25196,321
25197,182
25200,565
25201,5
25202,536
25203,11775
25204,1891
25205,459
25206,444
25207,6667
25208,817
25209,3343
25210,1627
25211,703
25212,341
25215,703
25216,294
25217,13322
25218,261
25219,191
25220,972
25221,215
25222,43
25223,1043
25224,36
25225,761
25226,563
25227,1431
25228,3463
25230,1749
25231,389
25232,2386
25233,378
25234,7113
25238,585
25239,114
25240,1531
25242,995
25243,9579
25244,634
25245,889
25247,229
25248,1016
25249,198
25250,65
25251,907
25252,7
25253,581
25254,908
25255,878
25901,1147
25902,896
25903,872
25904,328
25905,411
25906,55
25907,741
25908,543
25909,433
25910,335
25911,634
25912,624
25913,163
26001,537
26002,2344
26003,1175
26004,318
26005,3341
26006,3454
26007,1292
26008,2325
26009,1848
26010,273
26011,9277
26012,161
26013,1503
26014,1266
26015,636
26016,154
26017,1244
26018,12477
26019,849
26020,1153
26021,4648
26022,537
26023,909
26024,677
26025,384
26026,2064
26027,507
26028,518
26029,158
26030,111
26031,28
26032,263
26033,359
26034,1565
26035,126
26036,18564
26037,467
26038,372
26039,276
26040,215
26041,409
26042,2899
26043,1947
26044,198
26045,119
26046,3469
26047,393
26048,79
26049,825
26050,1183
26051,442
26052,609
26053,529
26054,1278
26055,216
26056,1948
26057,161
26058,981
26059,2296
26060,439
26061,693
26062,221
26063,487
26064,3405
26065,205
26066,69
26067,81
26068,221
26069,807
26070,667
26071,12176
26072,613
26073,436
26074,583
26075,828
26076,358
26077,163
26078,293
26079,1618
26080,1122
26081,135
26082,301
26083,959
26084,10181
26086,139
26087,755
26088,152
26089,10974
26091,441
26092,238
26093,226
26094,358
26095,536
26096,707
26098,584
26099,2573
26100,487
26101,209
26102,8618
26103,1829
26104,141
26105,3369
26106,183
26107,406
26108,1222
26109,402
26110,903
26111,573
26112,45
26113,25
26114,307
26115,96
26117,2531
26118,165
26119,566
26120,2701
26121,119
26122,538
26123,404
26124,1708
26125,3016
26126,138
26127,708
26128,407
26129,2331
26130,782
26131,186
26132,561
26134,369
26135,564
26136,262
26138,7308
26139,29
26140,787
26141,65
26142,2424
26143,997
26144,582
26145,508
26146,746
26147,179
26148,471
26149,214
26150,433
26151,123
26152,231
26153,119
26154,42
26155,832
26157,69
26158,996
26160,1395
26161,153
26162,578
26163,313
26164,375
26165,861
26166,248
26167,311
26168,7995
26169,254
26170,703
26171,658
26172,137
26173,182
26174,434
26175,335
26176,317
26177,637
26178,498
26179,268
26180,645
26181,43
26183,767
27001,2383
27002,1658
27003,2248
27004,1289
27005,5669
27006,3619
27007,2488
27008,2171
27009,2396
27010,368
27011,4641
27012,1612
27013,8289
27014,2681
27015,3553
27016,8611
27017,1123
27018,4142
27019,14262
27020,3939
27021,3405
27022,5939
27023,2052
27024,6788
27025,3196
27026,218
27027,3799
27028,86323
27029,1728
27030,6331
27031,19835
27032,4364
27033,897
27034,1572
27035,28
27037,903
27038,1386
27039,4169
27040,3984
27041,3035
27042,1287
27043,977
27044,2286
27045,1175
27046,1384
27047,1955
27048,3524
27049,652
27050,13223
27051,9521
27052,1004
27053,605
27054,1685
27055,1323
27056,1778
27057,14148
27058,4552
27059,3097
27060,3298
27061,1052
27062,566
27063,2455
27064,5918
27065,12122
27066,19228
27901,2507
27902,9828
28001,329
28002,3476
28003,625
28004,5429
28005,11647
28006,74214
28007,11287
28008,2747
28009,10281
28010,9395
28011,1277
28012,901
28013,34273
28014,32536
28015,16346
28016,217
28017,1066
28018,5115
28019,1488
28020,318
28021,1213
28022,25525
28023,6502
28024,471
28025,1057
28026,6721
28027,1556
28028,3212
28029,915
28030,2386
28031,3915
28032,619
28033,4771
28034,1022
28035,2168
28036,2347
28037,2553
28038,6587
28039,451
28040,16217
28041,3489
28042,1535
28043,6306
28044,5146
28045,26675
28046,5185
28047,44603
28048,581
28049,52084
28050,3262
28051,1928
28052,4752
28053,4805
28054,1204
28055,162
28056,1433
28057,2107
28058,10988
28059,3343
28060,2141
28061,20252
28062,804
28063,1202
28064,371
28065,98803
28066,7021
28067,4981
28068,12313
28069,204
28070,658
28071,356
28072,4962
28073,12814
28074,10917
28075,6412
28076,1057
28078,187
28079,20929
28080,40987
28082,7299
28083,7116
28084,13333
28085,5721
28086,7198
28087,3631
28088,665
28089,2757
28090,7623
28091,4221
28092,12064
28093,3171
28094,1493
28095,1865
28096,18395
28097,545
28099,2099
28100,4234
28101,354
28102,1251
28104,13485
28106,6492
28107,845
28108,5237
28109,3379
28110,2359
28111,99
28112,527
28113,30564
28114,516
28115,46406
28116,933
28117,334
28118,456
28119,2564
28120,2439
28121,449
28122,852
28123,37903
28124,312
28125,4636
28126,37
28127,57997
28128,1045
28129,686
28130,23382
28131,12857
28132,10427
28133,7717
28134,56169
28135,3078
28136,88
28137,1817
28138,266
28140,2412
28141,6389
28143,249
28144,545
28145,3108
28146,2132
28147,97
28148,75213
28149,4969
28150,2523
28151,3883
28152,12369
28153,953
28154,4718
28155,731
28156,1406
28157,1113
28158,1185
28159,1231
28160,877
28161,44303
28162,2216
28163,565
28164,316
28165,2224
28166,427
28167,6128
28168,1889
28169,1945
28170,2129
28171,5685
28172,859
28173,826
28174,1742
28175,1044
28176,13472
28177,9466
28178,989
28179,1653
28180,6039
28181,15556
28182,936
28183,147
28901,198
28902,1451
28903,23264
29001,3386
29002,2725
29003,906
29004,306
29005,7492
29006,525
29007,19271
29008,17219
29009,1168
29010,1647
29011,3915
29012,9662
29013,1571
29014,35
29015,30672
29016,261
29017,7017
29018,181
29019,738
29020,2507
29021,272
29022,278
29023,13541
29024,449
29025,74898
29026,955
29027,1646
29028,1049
29029,553
29030,589
29031,1227
29032,6595
29033,1354
29034,617
29035,1431
29036,51
29037,302
29038,16615
29039,3327
29040,1621
29041,11461
29042,18111
29043,243
29044,434
29045,221
29046,2453
29047,1066
29048,1374
29049,2348
29050,4
29051,73435
29052,264
29053,3827
29054,76129
29055,2118
29056,1355
29057,486
29058,1775
29059,2641
29060,674
29061,1601
29062,71
29063,507
29064,642
29065,223
29066,26
29067,38242
29068,25686
29069,16905
29070,86286
29071,837
29072,3387
29073,2353
29074,1059
29075,22128
29076,4033
29077,298
29079,3015
29080,4556
29081,271
29082,40226
29083,1785
29084,28306
29085,281
29086,698
29087,616
29088,2536
29089,2885
29090,1843
29091,30715
29092,472
29093,1468
29094,64634
29095,3051
29096,2673
29097,3196
29098,1207
29099,1829
29100,2793
29901,6848
30001,588
30002,10867
30003,3893
30004,1173
30005,30238
30006,1137
30007,5977
30008,20306
30009,13478
30010,6073
30011,5231
30012,9112
30013,9037
30014,1778
30015,22808
30016,19023
30017,11065
30018,8954
30019,24083
30020,6421
30021,14229
30022,20453
30023,4772
30024,65369
30025,6794
30026,40383
30027,55459
30028,8296
30029,12726
30030,36666
30031,418
30032,3516
30033,9893
30034,1955
30035,63372
30036,29896
30037,31088
30038,13409
30039,22339
30040,1451
30041,15589
30042,2869
30043,315
30901,11032
30902,28766
31001,414
31002,1311
31003,567
31004,146
31005,1018
31006,5873
31007,466
31008,731
31009,2466
31010,11562
31011,299
31012,2956
31013,2457
31014,128
31015,5979
31016,13907
31017,1301
31018,1449
31019,5409
31020,1478
31021,213
31022,1883
31023,15446
31024,461
31025,2517
31026,744
31027,24
31028,1235
31029,3405
31030,683
31031,604
31032,5166
31033,23
31034,242
31035,497
31036,2767
31037,34
31038,4544
31039,377
31040,103
31041,5784
31042,5846
31043,354
31044,803
31045,1369
31046,227
31047,1109
31048,808
31049,2324
31050,20461
31051,1053
31052,489
31053,21
31054,146
31055,676
31056,965
31057,4671
31058,1004
31059,782
31060,17298
31061,306
31062,3422
31063,436
31064,3748
31065,5419
31066,2998
31067,5085
31068,8759
31069,2656
31070,7241
31071,139
31072,15623
31073,903
31074,1329
31075,609
31076,6443
31077,1531
31078,6681
31079,537
31080,1815
31081,1175
31082,2025
31083,397
31084,4321
31085,1469
31086,31445
31087,509
31088,15627
31089,1011
31090,551
31091,1437
31092,3323
31093,91
31094,532
31095,362
31096,603
31097,19989
31098,605
31099,267
31100,847
31101,4005
31102,475
31103,306
31104,4936
31105,4846
31106,3015
31107,4032
31108,5325
31109,6427
31110,762
31111,527
31112,32
31113,516
31114,107
31115,736
31116,522
31117,1908
31118,857
31119,263
31120,2798
31121,333
31122,10149
31123,1745
31124,974
31125,1068
31126,1259
31127,509
31128,1706
31129,1315
31130,905
31131,3357
31132,88
31133,186
31134,833
31135,295
31136,1385
31137,1185
31138,2137
31139,99
31140,421
31141,814
31142,4986
31143,4
31144,2766
31145,674
31146,293
31147,412
31148,442
31149,4235
31150,1367
31151,476
31152,4772
31153,4902
31154,98
31155,956
31156,125
31157,846
31158,1176
31159,296
31160,495
31161,1104
31162,384
31163,4803
31164,242
31165,7855
31166,1746
31167,2754
31168,1186
31169,7116
31170,269
31171,2814
31172,1238
31173,2769
31174,477
31175,513
31176,836
31177,1248
31178,2642
31179,2048
31180,977
31181,962
31182,274
31183,2581
31184,223
31185,1257
31186,1007
31187,456
31188,696
31189,298
31190,166
31191,9986
31192,936
31193,4443
31194,1409
31195,825
31196,251
31197,269
31198,203
31199,762
31200,2431
31201,21324
31202,9172
31203,157
31204,381
31205,1935
31206,5819
31207,1637
31208,7033
31209,703
31210,918
31211,68
31212,805
31213,492
31214,447
31215,8764
31216,8982
31217,1803
31219,391
31220,2207
31221,3098
31222,25
31223,323
31224,3294
31225,275
31226,1683
31227,18209
31228,1809
31229,226
31230,665
31231,782
31232,55174
31233,727
31234,535
31235,1224
31236,407
31237,897
31238,499
31239,988
31240,1458
31241,851
31242,113
31243,893
31244,573
31245,365
31246,626
31247,653
31248,1547
31249,5419
31250,689
31251,10196
31252,324
31253,443
31254,5828
31255,332
31256,358
31257,2548
31258,10754
31259,1296
31260,5904
31261,1425
31262,808
31263,1041
31264,665
31265,439
31901,18903
31902,13431
31903,10873
31904,2945
31905,4854
31906,7074
31907,16992
31908,307
32001,20887
32002,9115
32003,1099
32004,3276
32005,1795
32006,3415
32007,3078
32008,17235
32009,17084
32010,812
32011,1468
32012,1311
32013,2933
32014,1961
32015,1938
32016,2261
32017,3352
32018,1783
32019,17745
32020,3538
32021,1282
32022,2114
32023,2708
32024,7479
32025,1718
32026,1058
32027,154
32028,2527
32029,1012
32030,1515
32031,1445
32032,21034
32033,1128
32034,3615
32035,2519
32036,264
32037,1011
32038,1033
32039,2243
32040,6054
32041,1414
32042,2505
32043,4031
32044,361
32045,3779
32046,8995
32047,2625
32048,1217
32049,1581
32050,3839
32051,2396
32052,3316
32053,1973
32054,13217
32055,1671
32056,2015
32057,1239
32058,4718
32059,2112
32060,2295
32061,144
32062,1372
32063,3735
32064,574
32065,878
32066,89
32067,1761
32068,202
32069,7352
32070,1072
32071,224
32072,6568
32073,2154
32074,1309
32075,11577
32076,2596
32077,4565
32078,182
32079,1431
32080,2987
32081,2413
32082,2207
32083,2347
32084,1589
32085,16796
32086,4572
32087,1853
32088,2297
32089,2109
32090,2776
32091,2558
32092,84
33001,2808
33002,18559
33003,206
33004,66043
33005,4996
33006,2737
33007,365
33008,5038
33009,1375
33010,163
33011,11025
33012,7622
33013,1144
33014,1127
33015,1991
33016,21137
33017,491
33018,3971
33019,5525
33020,13364
33021,5555
33022,152
33023,3214
33024,22362
33025,13032
33026,13672
33027,1644
33028,2833
33029,874
33030,727
33031,37764
33032,13224
33033,12428
33034,10917
33035,11497
33036,25137
33037,38566
33038,3139
33039,2568
33040,6981
33041,8313
33042,4998
33043,1693
33044,2241
33045,7454
33046,1446
33047,2966
33048,536
33049,15327
33050,2043
33051,7784
33052,114
33053,4554
33054,1524
33055,2893
33056,943
33057,1469
33058,2187
33059,6094
33060,17371
33061,723
33062,738
33063,1184
33064,708
33065,1019
33066,45826
33067,819
33068,4328
33069,5435
33070,4934
33071,1368
33072,2374
33073,9374
33074,5033
33075,383
33076,16007
33077,1435
33078,626
34001,92
34003,348
34004,9047
34005,1344
34006,267
34009,74
34010,939
34011,851
34012,909
34015,17
34017,1389
34018,473
34019,199
34020,109
34022,2243
34023,6446
34024,112
34025,164
34027,2951
34028,293
34029,953
34031,89
34032,206
34033,67
34034,214
34035,356
34036,865
34037,751
34038,396
34039,148
34041,195
34042,29
34045,124
34046,86
34047,2556
34048,138
34049,1018
34050,624
34051,38
34052,394
34053,305
34055,53
34056,5634
34057,858
34058,512
34059,668
34060,447
34061,263
34062,509
34063,171
34066,313
34067,368
34068,123
34069,287
34070,89
34071,425
34072,334
34073,423
34074,981
34076,693
34077,731
34079,2951
34080,7251
34081,201
34082,437
34083,2863
34084,308
34086,237
34087,243
34088,696
34089,261
34091,268
34092,653
34093,151
34094,158
34096,1
34098,1246
34099,106
34100,236
34101,18
34102,221
34103,163
34104,372
34106,257
34107,169
34108,822
34109,142
34110,144
34112,145
34113,69
34114,639
34116,211
34120,82498
34121,446
34122,206
34123,1829
34124,145
34125,213
34126,423
34127,167
34129,505
34130,327
34131,136
34132,243
34133,276
34134,156
34135,1135
34136,291
34137,83
34139,312
34140,288
34141,31
34143,618
34146,138
34147,383
34149,155
34151,62
34152,355
34154,144
34155,157
34156,129
34157,4995
34158,402
34159,473
34160,363
34161,119
34163,142
34165,145
34167,155
34168,166
34169,707
34170,143
34171,1994
34174,412
34175,162
34176,281
34177,216
34178,361
34179,135
34180,235
34181,612
34182,1589
34184,118
34185,321
34186,125
34189,186
34190,168
34192,434
34196,291
34199,2482
34201,394
34202,71
34204,166
34205,246
34206,1264
34208,223
34210,351
34211,329
34213,22
34214,364
34215,253
34216,178
34217,1327
34218,815
34220,274
34221,511
34222,333
34223,318
34224,117
34225,4973
34227,97
34228,263
34229,2
34230,66
34231,509
34232,1135
34233,32
34234,203
34236,373
34237,567
34238,653
34240,155
34241,87
34242,163
34243,488
34245,779
34246,201
34901,2043
34902,409
34903,747
34904,1021
35001,4955
35001
35002,20141
35002
35003,12975
35003
35004,34917
35005,1071
35006,22604
35007,2649
35008,4112
35009,14995
35010,4638
35011,17637
35012,30671
35013,6033
35014,24079
35015,15787
35016,25143
35017,25744
35018,9303
35019,6453
35020,4867
35021,9206
35022,41681
35023,7568
35024,18432
35025,584
35026,5867
35027,9686
35028,22886
35029,4261
35030,833
35031,5925
35032,2725
35033,6565
35034,13764
36001,7683
36002,1936
36003,1124
36004,9744
36005,7429
36006,10078
36007,4457
36008,18884
36009,12672
36010,3046
36011,1609
36012,2679
36013,9884
36014,2204
36015,3443
36016,737
36017,16607
36018,10512
36019,2531
36020,2457
36021,21152
36022,12959
36023,869
36024,31895
36025,2183
36026,17188
36027,5415
36028,7993
36029,14671
36030,4326
36031,969
36032,6515
36033,7578
36034,3239
36035,1607
36036,1695
36037,281
36038,6885
36039,12492
36040,1514
36041,22493
36042,30294
36043,6175
36044,374
36045,18559
36046,4283
36047,1955
36048,4934
36049,5858
36050,7482
36051,30369
36052,7654
36053,555
36054,1808
36055,10344
36056,2693
36057,20828
36058,2378
36059,4861
36060,35294
36061,6593
36901,6151
37001,486
37002,49
37003,491
37004,216
37005,422
37006,387
37007,861
37008,5936
37009,325
37010,1436
37011,466
37012,262
37013,492
37014,1903
37015,638
37016,807
37017,554
37018,247
37019,214
37020,753
37021,191
37022,408
37023,1537
37024,283
37025,307
37026,527
37027,46
37028,594
37029,464
37030,165
37031,819
37032,1297
37033,176
37034,111
37035,75
37036,241
37037,268
37038,1006
37039,726
37040,679
37041,259
37042,255
37044,885
37045,1
37046,16613
37047,302
37049,529
37050,36
37051,29
37052,506
37054,596
37055,485
37056,176
37057,341
37058,35
37059,222
37060,724
37061,433
37062,338
37063,309
37065,1099
37067,2681
37068,712
37069,1735
37070,973
37071,306
37072,433
37073,953
37074,29
37077,333
37078,1864
37079,239
37080,361
37081,108
37082,1144
37083,339
37085,6939
37086,116
37087,1309
37088,412
37089,231
37090,273
37091,485
37092,3124
37096,392
37097,91
37098,63
37099,234
37100,552
37101,723
37102,985
37103,1041
37104,101
37106,1025
37107,155
37108,177
37109,476
37110,188
37112,46
37113,823
37114,316
37115,261
37116,237
37117,1776
37118,316
37119,268
37120,343
37121,637
37122,304
37123,591
37124,445
37125,808
37126,39
37127,431
37128,524
37129,533
37130,247
37131,512
37132,748
37133,329
37134,317
37135,2068
37136,1301
37137,208
37138,484
37139,629
37140,1011
37141,441
37142,1409
37143,903
37144,408
37145,516
37146,581
37147,367
37148,616
37149,107
37150,111
37151,304
37152,692
37154,502
37155,283
37156,7125
37157,236
37158,52
37159,463
37160,117
37161,501
37162,734
37163,186
37164,428
37165,209
37166,376
37167,194
37168,983
37169,426
37170,2169
37171,1178
37172,1363
37173,2618
37174,1745
37175,592
37176,332
37177,765
37178,319
37179,39
37180,267
37181,544
37182,236
37183,739
37184,1067
37185,937
37186,238
37187,69
37188,329
37189,237
37190,633
37191,604
37192,58
37193,84
37194,515
37195,17
37196,247
37197,243
37198,553
37199,438
37200,41
37201,492
37202,749
37203,298
37204,658
37205,415
37206,201
37207,611
37208,325
37209,825
37211,48
37212,413
37213,375
37214,49
37215,365
37216,542
37217,218
37218,433
37219,485
37221,816
37222,17
37223,35
37224,49
37225,212
37226,333
37228,534
37229,25
37230,402
37231,7
37232,538
37233,113
37234,674
37235,348
37236,349
37237,572
37238,221
37239,42
37240,1597
37241,275
37242,359
37243,591
37244,33
37245,646
37246,6927
37247,316
37248,507
37249,278
37250,1115
37251,419
37252,392
37253,216
37254,436
37255,207
37256,35
37257,205
37258,487
37259,217
37260,439
37261,1033
37262,483
37263,889
37264,311
37265,293
37266,294
37267,386
37268,316
37269,806
37270,338
37271,683
37272,347
37273,236
37274,16786
37275,34
37276,478
37277,241
37278,1283
37279,1206
37280,526
37281,134
37282,662
37283,31
37284,731
37285,83
37286,505
37287,798
37288,361
37289,756
37290,283
37291,517
37292,15
37293,295
37294,13411
37296,78
37297,792
37298,397
37299,321
37300,1424
37301,309
37302,688
37303,33
37304,499
37305,574
37306,927
37307,465
37309,143
37310,197
37311,1084
37312,1048
37313,91
37314,102
37315,406
37316,134
37317,383
37318,311
37319,715
37320,289
37321,221
37322,5049
37323,65
37324,635
37325,269
37327,242
37328,836
37329,181
37330,629
37331,74
37332,314
37333,523
37334,213
37335,497
37336,206
37337,342
37338,187
37339,361
37340,535
37341,25
37342,299
37343,235
37344,324
37345,26
37346,52
37347,555
37348,271
37349,694
37350,841
37351,382
37352,386
37353,288
37354,699
37355,445
37356,271
37357,646
37358,268
37359,608
37360,683
37361,448
37362,7512
37363,343
37364,2859
37365,333
37366,313
37367,601
37368,61
37369,423
37370,663
37371,393
37372,221
37373,155
37374,1131
37375,756
37376,3048
37377,607
37378,356
37379,232
37380,231
37381,577
37382,313
38001,46211
38001
38002,791
38002
38003,175
38003
38004,3282
38004
38005,9549
38006,71044
38007,4544
38008,4845
38009,5706
38010,352
38011,2179
38012,1967
38013,3811
38014,1038
38015,3421
38016,2026
38017,3102
38018,3209
38019,14533
38020,17203
38021,2149
38022,14513
38023,95178
38024,15481
38025,654
38026,22118
38027,4708
38028,32793
38029,1598
38030,1439
38031,23829
38032,12031
38033,3995
38034,3004
38035,15767
38036,8255
38037,9457
38038,13325
38039,9482
38040,13909
38041,4936
38042,3305
38043,14663
38044,204
38045,3104
38046,5898
38047,1772
38048,536
38049,5616
38050,3608
38051,6333
38052,1567
38053,464
38901,2066
39001,2581
39002,582
39003,443
39004,1723
39005,244
39006,5243
39007,967
39008,1506
39009,6722
39010,813
39011,3644
39012,7327
39013,1214
39014,1238
39015,218
39016,21593
39017,122
39018,5101
39019,3379
39020,43101
39021,61
39022,2212
39023,8321
39024,5541
39025,9174
39026,2651
39027,4005
39028,5455
39029,898
39030,2164
39031,2214
39032,2449
39033,1124
39034,977
39035,24524
39036,1396
39037,2289
39038,3452
39039,762
39040,4413
39041,1661
39042,6113
39043,3286
39044,5749
39045,659
39046,1498
39047,28255
39048,1638
39049,832
39050,874
39051,179
39052,20421
39053,888
39054,5207
39055,1917
39056,2257
39057,5882
39058,911
39059,1142
39060,6512
39061,7791
39062,2202
39063,2065
39064,1518
39065,753
39066,1146
39067,995
39068,2415
39069,1912
39070,224
39071,38
39072,1
39073,11372
39074,7831
39075,15853
39076,3178
39077,573
39078,1844
39079,13653
39080,641
39081,472
39082,1967
39083,1471
39084,794
39085,11292
39086,673
39087,45307
39088,228
39089,687
39090,1115
39091,2515
39092,1821
39093,1052
39094,386
39095,5828
39096,191
39097,368
39098,1415
39099,2568
39100,913
39101,325
39102,4258
40001,996
40002,202
40003,409
40004,992
40005,152
40006,136
40007,331
40008,197
40009,286
40010,277
40012,558
40013,235
40014,291
40015,187
40016,113
40017,165
40018,187
40019,237
40020,728
40021,154
40022,597
40024,3193
40025,305
40026,42
40028,247
40029,168
40030,725
40031,1257
40032,1037
40033,269
40034,385
40035,399
40036,1016
40037,18
40039,705
40040,4256
40041,1643
40043,26
40044,411
40045,49
40046,458
40047,212
40048,154
40049,184
40051,156
40052,301
40053,38
40054,136
40055,121
40056,161
40057,1881
40058,579
40059,393
40060,391
40061,273
40062,143
40063,10944
40065,635
40068,106
40069,129
40070,1056
40071,136
40072,331
40073,613
40074,475
40075,415
40076,1501
40077,1875
40078,269
40079,1627
40080,292
40081,399
40082,251
40083,339
40084,172
40086,983
40087,213
40088,962
40089,463
40091,312
40092,308
40093,384
40094,597
40095,782
40097,686
40099,245
40100,715
40101,954
40103,263
40104,1732
40105,13
40106,458
40107,336
40108,412
40109,268
40110,1125
40111,117
40112,3465
40113,589
40115,496
40118,205
40119,381
40120,401
40121,716
40122,2526
40123,685
40124,272
40125,218
40126,28
40127,18
40128,311
40129,274
40130,409
40131,184
40132,479
40134,1477
40135,426
40136,316
40138,2992
40139,852
40140,336
40141,1357
40142,216
40143,285
40144,154
40145,1763
40146,106
40148,521
40149,1275
40150,461
40151,15
40152,1562
40154,78
40155,4722
40156,1167
40157,301
40158,88
40159,321
40160,314
40161,261
40162,1287
40163,258
40164,264
40165,382
40166,316
40168,182
40170,5698
40171,293
40172,258
40173,204
40174,69
40176,721
40177,326
40178,239
40179,101
40180,657
40181,5453
40182,542
40183,29
40184,821
40185,2474
40186,157
40188,383
40189,753
40190,198
40191,1295
40192,34
40193,45
40194,46492
40195,2647
40196,132
40198,78
40199,368
40200,207
40201,97
40202,26
40203,184
40204,55
40205,1037
40206,91
40207,1068
40208,2092
40210,316
40211,166
40212,263
40213,288
40214,57
40215,456
40216,1309
40218,309
40219,843
40220,355
40221,281
40222,428
40223,1956
40224,142
40225,1739
40228,519
40229,283
40230,192
40231,404
40233,1055
40234,695
40901,67
40902,317
40903,238
40904,559
40905,336
40906,2574
41001,2041
41002,1253
41003,1545
41004,43867
41005,7354
41006,2127
41007,9702
41008,854
41009,115
41010,3422
41011,11184
41012,2897
41013,3317
41014,194
41015,3553
41016,6932
41017,12531
41018,684
41019,5132
41020,8717
41021,17429
41022,3212
41023,6995
41024,17966
41025,1901
41026,3616
41027,329
41028,1207
41029,8936
41030,393
41031,2386
41032,3266
41033,4142
41034,17563
41035,1093
41036,3028
41037,2575
41038,71098
41039,27381
41040,7795
41041,8522
41042,505
41043,615
41044,6008
41045,4027
41046,2478
41047,6661
41048,1932
41049,9571
41050,4352
41051,1772
41052,2858
41053,17421
41054,851
41055,12273
41056,3471
41057,515
41058,12709
41059,28268
41060,136
41061,146
41062,1672
41063,1907
41064,456
41065,16965
41066,1193
41067,5263
41068,10603
41069,16697
41070,4814
41071,4662
41072,3485
41073,1761
41074,2237
41075,9333
41076,1795
41077,7384
41078,2187
41079,6155
41080,1248
41081,21858
41082,316
41083,1502
41084,2518
41085,3923
41086,13969
41087,8835
41088,585
41089,4256
41090,282
41091,46226
41092,545
41093,13892
41094,4376
41095,29511
41096,4329
41097,3177
41098,3619
41099,3601
41100,972
41101,4466
41102,10502
41901,2823
41902,3526
41903,4714
42001,637
42003,365
42004,3679
42006,566
42007,602
42008,62
42009,419
42010,69
42011,145
42012,253
42013,119
42014,282
42015,21
42016,143
42017,271
42018,944
42019,1661
42020,7189
42021,655
42022,91
42023,433
42024,367
42025,5966
42026,228
42027,414
42028,164
42029,761
42030,329
42031,327
42032,543
42033,247
42034,201
42035,3028
42036,189
42037,106
42038,148
42039,451
42041,134
42042,75
42043,9808
42044,181
42045,1022
42046,269
42048,718
42049,397
42050,264
42051,344
42052,139
42053,198
42054,125
42055,366
42056,117
42057,616
42058,671
42059,189
42060,213
42061,1564
42062,21
42063,394
42064,292
42065,91
42068,518
42069,1913
42070,198
42071,846
42073,334
42075,263
42076,1173
42078,114
42079,103
42080,991
42081,39
42082,59
42083,179
42084,222
42085,1349
42086,272
42087,89
42088,386
42089,2
42090,396
42092,176
42093,189
42094,155
42095,3824
42096,981
42097,122
42098,121
42100,158
42103,2724
42105,269
42106,6
42107,423
42108,175
42110,26
42111,827
42113,202
42115,437
42116,31
42117,398
42118,126
42119,911
42120,1676
42121,238
42123,556
42124,265
42125,121
42127,326
42128,132
42129,1456
42130,161
42131,133
42132,416
42134,3898
42135,373
42139,87
42140,79
42141,355
42142,256
42144,16
42145,481
42148,13
42149,1181
42151,127
42152,793
42153,21
42154,366
42155,1772
42156,279
42157,238
42158,352
42159,129
42160,876
42161,199
42162,8929
42163,296
42164,3111
42165,1179
42166,174
42167,872
42168,593
42171,428
42172,112
42173,46644
42174,604
42175,255
42176,79
42177,289
42178,569
42181,847
42182,299
42183,549
42184,297
42185,162
42187,352
42188,19
42189,303
42190,182
42191,697
42192,128
42193,108
42194,768
42195,5
42196,286
42197,3
42198,136
42200,487
42201,115
42202,222
42204,321
42205,267
42206,214
42207,174
42208,126
42209,704
42211,166
42212,313
42213,163
42215,1361
42216,116
42217,245
42218,307
42219,216
43001,1844
43002,1971
43003,31
43004,12699
43005,3435
43006,676
43007,686
43008,495
43009,161
43010,374
43011,892
43012,6508
43013,11222
43014,17904
43015,143
43016,3782
43017,18
43018,613
43019,1281
43020,2205
43021,628
43022,1585
43023,367
43024,201
43025,642
43026,829
43027,297
43028,4561
43029,505
43030,1109
43031,159
43032,679
43033,754
43034,662
43035,281
43036,1924
43037,40542
43038,49453
43039,213
43040,331
43041,314
43042,171
43043,3428
43044,4685
43045,154
43046,284
43047,529
43048,696
43049,1074
43050,5062
43051,18771
43052,1064
43053,282
43054,2892
43055,2002
43056,916
43057,81
43058,255
43059,35
43060,3265
43061,162
43062,488
43063,679
43064,2082
43065,613
43066,208
43067,724
43068,934
43069,292
43070,264
43071,1163
43072,171
43073,17
43074,18
43075,185
43076,569
43077,589
43078,1021
43079,865
43080,234
43081,523
43082,422
43083,159
43084,587
43085,29
43086,5874
43088,2455
43089,484
43090,4336
43091,342
43092,21886
43093,4537
43094,2221
43095,2593
43096,206
43097,448
43098,498
43099,384
43100,2523
43101,421
43102,525
43103,1226
43104,3266
43105,276
43106,784
43107,476
43108,1858
43109,2464
43110,369
43111,2736
43112,448
43113,496
43114,444
43115,238
43116,1427
43117,241
43118,898
43119,903
43120,3838
43121,696
43122,104
43123,881
43124,488
43125,1112
43126,1124
43127,1211
43128,911
43129,3675
43130,298
43131,11828
43132,699
43133,6019
43134,229
43135,432
43136,18911
43137,2525
43138,3582
43139,2292
43140,2459
43141,35
43142,1576
43143,148
43144,1342
43145,385
43146,89
43147,61
43148,89999
43149,856
43150,1586
43151,13
43152,523
43153,2102
43154,244
43155,27211
43156,5043
43157,554
43158,215
43159,242
43160,1331
43161,20115
43162,9127
43163,48927
43164,634
43165,631
43166,1746
43167,503
43168,199
43169,44
43170,141
43171,27408
43172,409
43173,183
43174,277
43175,58
43176,1014
43177,393
43178,2766
43901,11462
43902,3589
43903,2545
43904,4379
43905,51894
43906,6884
44001,169
44002,314
44003,64
44004,983
44005,258
44006,603
44007,417
44008,2626
44009,1403
44010,755
44011,312
44012,2718
44013,14839
44014,3714
44016,759
44017,873
44018,96
44019,224
44020,81
44021,261
44022,1132
44023,93
44024,131
44025,6241
44026,634
44027,273
44028,334
44029,105
44031,294
44032,103
44033,869
44034,368
44035,285
44036,68
44037,99
44038,308
44039,626
44040,366
44041,171
44042,403
44043,356
44044,252
44045,1282
44046,197
44047,546
44048,261
44049,1215
44050,614
44051,3342
44052,284
44053,2
44054,623
44055,269
44056,839
44059,999
44060,26
44061,152
44062,77
44063,286
44064,238
44065,22
44066,343
44067,269
44068,1
44070,189
44071,1676
44074,819
44075,299
44076,2603
44077,191
44080,589
44082,165
44084,238
44085,165
44086,685
44087,298
44088,186
44089,152
44090,242
44092,337
44093,119
44094,18
44096,488
44097,276
44099,1049
44100,603
44101,173
44102,84
44103,38
44105,349
44106,513
44107,398
44108,765
44109,425
44110,139
44111,155
44112,682
44113,408
44114,403
44115,164
44116,237
44117,783
44118,475
44119,267
44120,419
44121,256
44122,1826
44123,195
44124,392
44125,477
44126,662
44127,312
44128,135
44129,123
44130,128
44131,228
44132,167
44133,9
44135,326
44136,172
44137,635
44138,592
44141,248
44142,136
44143,1887
44144,673
44145,1692
44146,271
44147,693
44148,145
44149,281
44150,14
44151,523
44152,25
44153,2363
44154,344
44155,2049
44156,189
44157,293
44158,3222
44159,186
44160,1044
44161,954
44163,368
44164,19
44165,523
44167,397
44168,364
44169,962
44171,1092
44172,878
44173,267
44174,958
44175,215
44176,308
44177,387
44178,375
44179,529
44180,199
44181,132
44182,384
44183,269
44184,181
44185,209
44187,373
44189,226
44190,323
44191,1305
44192,791
44193,481
44194,34
44195,198
44196,656
44197,285
44198,499
44199,138
44200,176
44201,1861
44203,65
44204,216
44205,1016
44206,556
44207,64
44208,138
44209,1233
44210,2027
44211,23
44212,155
44213,206
44215,417
44216,35406
44217,109
44218,119
44219,53
44220,282
44221,496
44222,37
44223,162
44224,165
44225,375
44226,51
44227,216
44228,238
44229,395
44230,294
44231,372
44232,572
44234,359
44235,374
44236,297
44237,667
44238,2931
44239,82
44240,626
44241,828
44243,206
44244,396
44245,514
44246,222
44247,474
44249,144
44250,105
44251,492
44252,13
44256,131
44257,389
44258,18
44260,458
44261,849
44262,328
44263,698
44264,612
44265,299
44266,258
44267,336
44268,89
45001,1702
45002,2855
45003,815
45004,907
45005,632
45006,2096
45007,788
45008,63
45009,1324
45010,1006
45011,807
45012,1011
45013,2809
45014,3462
45015,1048
45016,5186
45017,259
45018,1181
45019,8631
45020,1917
45021,3611
45022,841
45023,3049
45024,1264
45025,1853
45026,791
45027,925
45028,4167
45029,712
45030,1291
45031,4217
45032,528
45033,1037
45034,1715
45035,802
45036,915
45037,2132
45038,4033
45039,44
45040,4441
45041,7553
45042,319
45043,145
45045,2215
45046,2286
45047,3204
45048,597
45049,671
45050,602
45051,1384
45052,2546
45053,7901
45054,5319
45055,1442
45056,276
45057,256
45058,739
45059,1891
45060,353
45061,7101
45062,1456
45063,1083
45064,4012
45065,991
45066,8521
45067,2775
45068,432
45069,2686
45070,1588
45071,29
45072,111
45073,899
45074,944
45075,235
45076,2147
45077,1043
45078,1663
45079,1256
45080,45
45081,20724
45082,159
45083,1187
45084,2865
45085,2142
45086,832
45087,7507
45088,244
45089,1672
45090,498
45091,841
45092,441
45093,3
45094,584
45095,1112
45096,1257
45097,1287
45098,2941
45099,5537
45100,423
45101,4226
45102,3533
45103,7
45104,647
45105,666
45106,7301
45107,3171
45108,948
45109,4141
45110,3114
45111,174
45112,2749
45113,3726
45114,1218
45115,3915
45116,1057
45117,1577
45118,2895
45119,4043
45120,475
45121,13934
45122,5684
45123,4742
45124,2531
45125,2936
45126,722
45127,1058
45128,2472
45129,539
45130,1023
45131,878
45132,254
45133,3152
45134,1681
45135,4297
45136,556
45137,2015
45138,1144
45139,558
45140,1406
45141,1378
45142,8112
45143,1574
45144,1642
45145,4148
45146,292
45147,812
45148,102
45149,1192
45150,86
45151,1319
45152,897
45153,2209
45154,3002
45155,772
45156,4339
45157,4911
45158,3086
45159,208
45160,1142
45161,1799
45162,1944
45163,7792
45164,404
45165,71421
45166,2072
45167,1762
45168,66811
45169,377
45170,618
45171,2021
45172,1
45173,11141
45174,409
45175,991
45176,3236
45177,2869
45179,1327
45180,3846
45181,25
45182,1894
45183,4271
45184,34
45185,7419
45186,362
45187,4204
45188,3418
45189,951
45190,505
45191,669
45192,3105
45193,813
45194,136
45195,2922
45196,2006
45197,243
45198,2807
45199,5775
45200,435
45201,4925
45202,3607
45203,3794
45204,806
45205,958
45901,1839
46001,2597
46002,1355
46003,1045
46004,1901
46005,20062
46006,5294
46007,12187
46008,291
46009,2911
46010,2107
46011,8992
46012,1749
46013,18009
46014,2801
46015,7545
46016,1074
46017,38103
46018,1467
46019,9291
46020,4246
46021,21889
46022,13778
46023,351
46024,708
46025,2833
46026,1795
46027,815
46028,1379
46029,20853
46030,903
46031,10404
46032,5612
46033,369
46034,1709
46035,6217
46036,2297
46037,122
46038,1473
46039,2539
46040,1076
46041,1343
46042,3592
46043,193
46044,5005
46045,1335
46046,1444
46047,646
46048,6518
46049,276
46050,358
46051,8373
46052,491
46053,538
46054,1112
46055,1396
46056,27
46057,521
46058,1747
46059,1465
46060,9356
46061,367
46062,5074
46063,1618
46064,625
46065,215
46066,772
46067,1833
46068,423
46069,157
46070,18713
46071,582
46072,483
46073,91
46074,2898
46075,186
46076,884
46077,8004
46078,26447
46079,1389
46080,1646
46081,9279
46082,13351
46083,1572
46084,1707
46085,12726
46086,83
46087,535
46088,897
46089,251
46090,1925
46091,124
46092,156
46093,3078
46094,21708
46095,996
46096,257
46097,793
46098,2839
46099,137
46100,356
46101,727
46102,17863
46103,1556
46104,1683
46105,42395
46106,3366
46107,1975
46108,1039
46109,7966
46110,21233
46111,15782
46112,1413
46113,872
46114,432
46115,62
46116,11109
46117,459
46118,4495
46119,72
46120,1342
46121,108
46122,2612
46123,2123
46124,925
46125,741
46126,4919
46127,3439
46128,2386
46129,723
46130,592
46131,87658
46132,215
46133,1176
46134,3358
46135,6911
46136,3975
46137,216
46138,382
46139,4698
46140,2277
46141,825
46142,1297
46143,9099
46144,1111
46145,25198
46146,1661
46147,22937
46148,1465
46149,74
46150,1721
46151,633
46152,86
46153,398
46154,905
46155,1343
46156,2373
46157,2434
46158,1386
46159,22084
46160,2062
46161,1421
46162,1564
46163,1987
46164,11438
46165,7579
46166,7556
46167,734
46168,6855
46169,34442
46170,4782
46171,14236
46172,8892
46173,1283
46174,928
46175,492
46176,351
46177,5105
46178,9322
46179,2877
46180,73
46181,30491
46182,2622
46183,6578
46184,29608
46185,419
46186,17097
46187,1866
46188,688
46189,595
46190,48726
46191,3445
46192,979
46193,712
46194,17037
46195,4648
46196,163
46197,199
46198,1091
46199,10749
46200,1707
46201,244
46202,18608
46203,356
46204,9376
46205,14524
46206,696
46207,7294
46208,1069
46209,1811
46210,364
46211,1896
46212,2017
46213,20938
46214,16382
46215,1251
46216,4646
46217,925
46218,1077
46219,174
46220,59908
46221,385
46222,388
46223,7096
46224,564
46225,342
46226,69
46227,734
46228,3992
46229,3516
46230,13408
46231,3199
46232,141
46233,3841
46234,1019
46235,34427
46236,917
46237,6229
46238,21819
46239,833
46240,302
46241,1137
46242,1262
46243,104
46244,58226
46245,1089
46246,741
46247,1983
46248,7722
46249,11784
46250,66411
46251,2958
46252,839
46253,115
46254,284
46255,3371
46256,9349
46257,4672
46258,424
46259,1076
46260,2669
46261,264
46262,644
46263,411
46902,1257
46903,4227
46904,84
47001,138
47002,51
47003,316
47004,1459
47005,735
47006,294
47007,5227
47008,7
47009,172
47010,15782
47011,611
47012,276
47013,195
47014,129
47015,388
47016,181
47017,33
47018,48
47019,161
47020,328
47021,168
47022,117
47023,3545
47024,367
47025,157
47026,87
47027,2928
47028,43
47029,164
47030,1358
47031,323
47032,309
47033,496
47034,218
47035,1016
47036,516
47037,275
47038,291
47039,243
47040,151
47041,298
47042,131
47043,465
47044,425
47045,1118
47046,217
47047,27
47048,251
47049,119
47050,3843
47051,332
47052,7168
47053,207
47054,836
47055,306
47056,208
47057,347
47058,369
47059,194
47060,458
47061,513
47062,286
47063,172
47064,12
47065,867
47066,1435
47067,187
47068,106
47069,165
47070,159
47071,43
47073,223
47074,325
47075,5218
47076,16092
47077,434
47078,192
47079,103
47080,95
47081,94
47082,984
47083,122
47084,1522
47085,17909
47086,4259
47087,493
47088,283
47089,35
47090,2799
47091,152
47092,181
47093,1201
47094,225
47095,54
47096,192
47097,462
47098,641
47099,218
47100,25
47101,1957
47102,337
47103,41
47104,3451
47105,223
47106,134
47109,327
47110,554
47111,1191
47112,2608
47113,316
47114,5564
47115,337
47116,702
47117,408
47118,324
47119,251
47121,683
47122,2235
47123,395
47124,542
47125,17
47126,59
47127,332
47128,8
47129,1065
47130,157
47131,417
47132,89
47133,2094
47134,304
47135,74
47137,158
47138,227
47139,1362
47140,247
47141,158
47142,286
47143,33
47144,123
47145,1246
47146,298
47147,131
47148,688
47149,103
47150,534
47151,78
47152,2
47153,389
47154,35
47155,3592
47156,158
47157,655
47158,992
47159,884
47160,727
47161,3891
47162,202
47163,719
47164,426
47165,8975
47166,287
47167,504
47168,57
47169,179
47170,174
47171,595
47172,27
47173,867
47174,418
47175,7982
47176,287
47177,146
47178,29
47179,605
47180,185
47181,267
47182,1207
47183,274
47184,871
47185,158
47186,25276
47187,268
47188,196
47189,117
47190,221
47191,302
47192,13
47193,1868
47194,451
47195,726
47196,126
47197,925
47198,181
47199,238
47200,156
47203,22
47204,451
47205,594
47206,202
47207,261
47208,178
47209,85
47210,355
47211,95
47212,441
47213,179
47214,1671
47215,145
47216,17
47217,2549
47218,1432
47219,58
47220,286
47221,123
47222,137
47223,286
47224,101
47225,137
47226,23
47227,168
47228,461
47229,34
47230,307
47231,5176
47232,154
48001,6364
48002,7565
48003,16002
48004,386
48005,123
48006,335
48007,541
48008,678
48009,888
48010,576
48011,10079
48012,5761
48013,79953
48014,1179
48015,35312
48016,5306
48017,15947
48018,986
48019,4056
48020,30251
48021,2492
48022,384
48023,758
48024,1299
48025,863
48026,1333
48027,25229
48028,1512
48029,9491
48030,891
48031,728
48032,6165
48033,323
48034,13031
48035,539
48036,2508
48037,1021
48038,1023
48039,223
48040,112
48041,941
48042,1567
48043,8564
48044,70315
48045,5954
48046,1252
48047,235
48048,1154
48049,946
48050,226
48051,272
48052,2055
48053,722
48054,27117
48055,3854
48056,1383
48057,10542
48058,1245
48059,464
48060,5143
48061,698
48062,37
48063,533
48064,477
48065,3652
48066,431
48067,1459
48068,3088
48069,15035
48070,737
48071,5195
48072,1483
48073,7014
48074,4813
48075,2564
48076,801
48077,5292
48078,33236
48079,466
48080,11259
48081,2394
48082,38548
48083,6488
48084,20268
48085,11801
48086,2818
48087,676
48088,239
48089,2951
48090,7647
48091,1098
48092,1191
48093,1267
48094,372
48095,2649
48096,7712
48097,1602
48901,5584
48902,20025
48903,2136
48904,4294
48905,3433
48906,712
48907,366
48908,216
48909,251
48910,3288
48911,353
48912,2538
48913,1835
48914,326
48915,438
49002,203
49003,1803
49004,323
49005,375
49006,272
49007,657
49008,76
49009,585
49010,387
49011,328
49012,174
49013,415
49014,267
49015,456
49016,42
49017,1424
49018,1
49019,349
49020,56
49021,21586
49022,29
49023,264
49024,1109
49025,503
49026,428
49027,584
49028,197
49029,887
49030,39
49031,301
49032,739
49033,1755
49034,867
49035,357
49036,918
49037,356
49038,322
49039,488
49040,217
49041,587
49042,467
49043,653
49044,124
49046,594
49047,249
49048,689
49050,2398
49052,421
49053,1361
49054,2252
49055,255
49056,412
49057,47
49058,61
49059,249
49061,394
49062,1336
49063,7
49064,192
49065,3231
49066,1313
49067,877
49068,1502
49069,1641
49071,2106
49075,229
49076,454
49077,516
49078,473
49079,349
49080,104
49081,1806
49082,778
49083,196
49084,39
49085,5367
49086,21
49087,1548
49088,242
49090,37
49091,447
49092,373
49093,42
49094,1132
49095,352
49096,294
49097,769
49098,831
49099,277
49100,1303
49101,368
49102,523
49103,576
49104,1465
49105,27
49107,465
49108,1192
49109,1016
49110,2834
49111,478
49112,1104
49113,326
49114,233
49115,445
49116,1164
49117,993
49118,352
49119,308
49120,515
49121,949
49122,764
49123,806
49124,525
49125,1379
49126,395
49127,2634
49128,817
49129,1493
49130,492
49131,428
49132,429
49133,763
49134,714
49135,1556
49136,802
49137,431
49138,898
49139,588
49141,535
49142,29
49143,1008
49145,1187
49146,566
49147,422
49148,21
49149,876
49150,769
49151,1107
49152,1546
49153,486
49154,616
49155,234
49156,5
49157,568
49158,353
49159,469
49160,154
49162,813
49163,471
49164,364
49165,128
49166,3016
49167,601
49168,173
49169,94
49170,207
49171,1065
49172,1921
49173,1001
49174,533
49175,393
49176,2829
49177,1107
49178,885
49179,1664
49180,318
49181,4469
49183,189
49184,376
49185,221
49186,591
49187,1523
49188,289
49189,188
49190,197
49191,418
49192,323
49193,969
49194,647
49197,379
49199,368
49200,1063
49201,664
49202,492
49203,601
49204,222
49205,901
49206,2372
49207,718
49208,1634
49209,1363
49210,772
49214,1488
49216,229
49219,9955
49220,293
49221,476
49222,464
49223,1552
49224,92
49225,715
49226,392
49227,511
49228,273
49229,531
49230,421
49231,1262
49232,192
49233,29
49234,1072
49235,1003
49236,197
49237,545
49238,499
49239,973
49240,466
49241,493
49242,778
49243,358
49244,131
49245,37
49246,381
49247,1434
49248,414
49249,232
49250,1666
49251,44
49252,763
49255,729
49256,452
49257,386
49258,357
49259,567
49260,997
49261,1574
49262,1215
49263,138
49264,1225
49265,419
49266,176
49267,307
49268,114
49269,551
49270,443
49271,445
49272,278
49273,606
49275,67042
50001,309
50002,391
50003,187
50004,919
50005,517
50006,105
50007,207
50008,511
50009,23
50010,11
50011,283
50012,193
50013,271
50014,32
50015,499
50016,163
50017,1729
50018,1034
50019,175
50020,1434
50021,104
50022,558
50023,456
50024,1258
50025,5163
50026,596
50027,57
50028,221
50029,993
50030,829
50031,581
50032,694
50033,172
50034,1589
50035,156
50036,183
50037,582
50038,1952
50039,1241
50040,202
50041,74
50042,88
50043,42
50044,376
50045,1235
50046,371
50047,168
50048,93
50050,386
50051,1059
50052,128
50053,769
50054,284
50055,5152
50056,518
50057,1725
50058,313
50059,758
50060,43
50061,301
50062,2375
50063,203
50064,602
50065,301
50066,4277
50067,20378
50068,2426
50069,207
50070,246
50071,322
50072,636
50073,2674
50074,8054
50075,217
50076,252
50077,434
50078,454
50079,519
50080,252
50081,1067
50082,359
50083,204
50084,344
50085,386
50086,581
50087,136
50088,757
50089,10446
50090,39
50091,241
50092,62
50093,225
50094,2525
50095,14772
50096,234
50098,473
50099,3494
50100,474
50101,1614
50102,113
50104,372
50105,479
50106,269
50107,99
50108,135
50109,204
50110,959
50111,248
50113,825
50114,243
50115,3214
50116,497
50117,288
50118,2365
50119,956
50120,225
50121,411
50122,203
50123,51
50124,1197
50125,929
50126,3554
50128,101
50129,575
50130,1086
50131,334
50132,746
50133,251
50134,401
50135,161
50136,917
50137,946
50138,75
50139,525
50140,515
50141,351
50142,191
50143,819
50144,131
50146,39
50147,919
50148,536
50149,189
50150,973
50151,1022
50152,1946
50153,1144
50154,216
50155,315
50156,275
50157,466
50159,899
50160,2199
50161,292
50162,349
50163,3331
50164,369
50165,1943
50166,543
50167,343
50168,6
50169,623
50170,389
50171,289
50172,408
50173,445
50174,221
50175,1535
50176,505
50177,854
50178,821
50179,572
50180,235
50181,1615
50182,6308
50183,59
50184,285
50185,453
50186,156
50187,225
50188,128
50189,1185
50190,833
50191,468
50192,542
50193,839
50194,294
50195,216
50196,176
50197,276
50198,114
50199,536
50200,84
50201,634
50202,396
50203,1001
50204,2617
50205,202
50206,727
50207,215
50208,1635
50209,3245
50210,216
50211,403
50212,73
50213,457
50214,214
50215,261
50216,403
50217,555
50218,213
50219,527
50220,142
50221,214
50222,1752
50223,853
50224,135
50225,2249
50227,172
50228,368
50229,102
50230,1565
50231,466
50232,419
50233,202
50234,755
50235,3703
50236,442
50237,205
50238,268
50239,149
50240,1146
50241,702
50242,17
50243,757
50244,403
50245,278
50246,375
50247,794
50248,1007
50249,774
50250,222
50251,1119
50252,6021
50253,707
50254,423
50255,454
50256,352
50257,336
50258,227
50259,23
50260,13
50261,513
50262,1158
50263,743
50264,407
50265,206
50266,558
50267,1075
50268,159
50269,434
50270,175
50271,621
50272,13373
50273,139
50274,174
50275,111
50276,219
50277,266
50278,349
50279,303
50280,667
50281,131
50282,195
50283,179
50284,463
50285,656
50286,106
50287,609
50288,367
50289,272
50290,673
50291,444
50292,294
50293,1131
50294,22
50295,286
50296,501
50297,49234
50298,7696
50901,597
50902,124
50903,1797
51001,37264
52001